gender,seniorcitizen,partner,dependents,tenure,totalcharges,multiplelines_No phone service,multiplelines_Yes,internetservice_Fiber optic,internetservice_No,onlinesecurity_Yes,onlinebackup_Yes,deviceprotection_Yes,techsupport_Yes,streamingtv_Yes,streamingmovies_Yes,contract_One year,contract_Two year,paperlessbilling_Yes,paymentmethod_Credit card (automatic),paymentmethod_Electronic check,paymentmethod_Mailed check
1,0,0,0,12,1059.55,0,1,1,0,0,0,0,0,1,0,0,0,1,0,1,0
1,0,0,0,9,181.8,0,0,0,1,0,0,0,0,0,0,0,0,0,0,0,1
1,0,0,0,27,2212.55,0,0,0,0,1,0,1,1,1,1,1,0,0,0,1,0
1,0,0,1,27,2180.55,0,1,1,0,0,0,0,1,0,0,0,0,1,0,1,0
1,0,1,1,1,89.15,0,0,1,0,0,0,0,0,1,1,0,0,0,0,0,1
0,0,0,0,24,459.95,0,0,0,1,0,0,0,0,0,0,0,0,1,0,0,1
1,0,0,0,14,1036.75,0,1,1,0,0,0,0,0,0,0,0,0,1,0,1,0
0,0,0,0,32,2276.95,0,0,1,0,0,1,0,0,0,0,0,0,1,0,1,0
0,0,0,0,11,211.95,0,0,0,1,0,0,0,0,0,0,1,0,0,0,0,1
1,0,0,0,1,25,0,1,0,1,0,0,0,0,0,0,0,0,1,0,0,1
1,0,0,1,38,3162.65,0,1,1,0,1,0,0,0,0,0,0,0,1,0,0,1
0,0,1,1,9,210.65,0,0,0,1,0,0,0,0,0,0,0,1,0,0,0,1
1,0,1,1,54,3566.7,0,1,0,0,1,1,0,1,0,0,0,1,1,1,0,0
0,0,0,0,29,2080.1,0,1,0,0,0,0,0,0,1,1,1,0,1,1,0,0
1,0,1,0,44,4040.2,0,1,1,0,0,0,1,0,1,0,0,0,1,0,1,0
1,0,1,1,59,5186,0,0,0,0,1,1,1,1,1,1,0,1,1,0,1,0
0,0,0,0,3,196.15,0,0,0,0,0,0,0,0,0,1,0,0,1,0,1,0
0,0,1,1,18,1087.45,0,0,0,0,1,1,0,1,0,0,1,0,1,0,0,1
1,0,0,0,67,1672.15,0,1,0,1,0,0,0,0,0,0,0,1,0,1,0,0
0,0,1,1,22,1206.05,0,0,0,0,0,1,0,1,0,0,0,0,0,0,1,0
1,0,0,1,33,1113.95,1,0,0,0,1,0,0,1,0,0,1,0,0,1,0,0
1,0,0,0,5,107.05,0,0,0,1,0,0,0,0,0,0,0,0,0,0,0,1
0,0,0,0,2,38.15,0,0,0,1,0,0,0,0,0,0,0,0,0,0,0,1
1,0,1,1,72,6339.3,0,1,0,0,1,1,1,1,1,1,0,1,0,1,0,0
1,0,0,1,9,184.1,0,0,0,1,0,0,0,0,0,0,0,0,0,0,0,1
1,0,1,1,67,1688.9,0,1,0,1,0,0,0,0,0,0,0,1,0,0,0,1
0,0,1,0,16,1378.25,0,1,1,0,0,0,0,0,1,0,0,0,1,0,1,0
0,0,0,0,8,137.6,0,0,0,1,0,0,0,0,0,0,0,0,1,0,0,1
1,0,0,0,5,219,1,0,0,0,1,1,1,1,0,0,0,0,1,0,0,1
1,0,1,1,23,1067.15,0,1,0,0,0,0,0,0,0,0,1,0,1,1,0,0
1,0,0,0,1,79.55,0,0,1,0,0,0,0,0,1,0,0,0,1,0,1,0
0,0,1,0,50,3444.85,0,0,1,0,0,0,0,0,0,0,0,0,1,0,1,0
1,0,0,0,17,369.05,0,0,0,1,0,0,0,0,0,0,0,1,0,1,0,0
0,0,1,0,68,7553.6,0,1,1,0,1,1,1,0,1,1,0,1,1,0,0,0
1,0,0,0,1,84.5,0,1,1,0,0,0,0,0,1,0,0,0,0,0,1,0
0,0,1,0,25,1813.1,0,0,1,0,0,0,0,0,0,0,0,0,1,0,1,0
1,0,0,0,67,3321.35,1,0,0,0,1,0,1,1,1,0,1,0,1,0,0,0
1,0,0,0,32,707.5,0,0,0,1,0,0,0,0,0,0,1,0,0,1,0,0
0,0,1,0,67,7112.15,0,1,1,0,1,1,0,0,1,1,1,0,1,0,1,0
1,0,1,0,72,4641.1,1,0,0,0,1,1,1,1,1,1,0,1,1,1,0,0
1,0,1,0,71,7690.9,0,1,1,0,0,1,1,1,1,1,0,1,1,1,0,0
1,0,0,1,1,49.9,0,0,0,0,0,1,0,0,0,0,0,0,1,0,1,0
1,0,0,0,46,1380.1,1,0,0,0,0,1,0,0,0,0,0,0,0,0,0,0
0,0,0,0,2,78.65,1,0,0,0,0,0,1,0,0,0,0,0,1,0,1,0
0,0,0,0,1,45.4,0,0,0,0,0,0,0,0,0,0,0,0,1,0,0,1
0,0,1,0,48,3094.65,0,0,0,0,0,1,1,0,0,1,1,0,1,0,1,0
0,0,1,0,61,6518.35,0,1,1,0,0,0,1,1,1,1,1,0,1,0,0,0
0,0,1,0,32,2585.95,0,0,1,0,0,1,0,0,0,1,0,0,0,0,0,0
0,0,0,0,2,82.7,0,0,0,0,0,0,0,0,0,0,0,0,0,0,1,0
0,0,0,0,3,58.85,0,0,0,1,0,0,0,0,0,0,0,0,0,0,1,0
0,0,0,0,5,425.9,0,0,1,0,0,0,0,1,0,1,0,0,1,1,0,0
0,0,1,1,71,6342.7,0,1,0,0,1,1,1,1,1,1,0,1,0,0,0,0
1,0,1,0,37,2030.75,0,1,0,0,1,0,0,0,0,0,0,0,1,0,0,1
1,0,1,1,65,6700.05,0,1,1,0,0,0,1,1,1,1,0,1,1,0,0,0
0,0,0,1,67,7244.7,0,1,1,0,0,1,0,1,1,1,1,0,1,0,0,0
1,0,0,1,49,3678.3,0,1,1,0,0,0,0,0,0,0,0,0,0,1,0,0
1,0,1,1,50,3486.65,0,1,0,0,1,0,0,1,1,0,0,1,1,1,0,0
1,0,1,1,25,411.15,0,0,0,1,0,0,0,0,0,0,1,0,0,0,1,0
0,0,0,1,17,937.5,0,1,0,0,0,0,1,0,0,0,1,0,1,0,0,1
0,0,1,1,64,1559.15,0,1,0,1,0,0,0,0,0,0,0,1,1,0,0,1
1,0,1,0,25,970.4,1,0,0,0,0,0,1,0,1,0,1,0,1,1,0,0
1,0,0,0,23,2483.5,0,1,1,0,0,1,1,0,1,1,0,0,1,0,1,0
1,0,1,0,24,828.2,1,0,0,0,0,0,1,1,0,0,0,0,0,0,0,1
0,0,0,0,37,3810.55,0,1,1,0,0,0,1,0,1,1,0,0,1,0,1,0
0,0,0,0,21,1493.2,0,0,1,0,0,0,0,0,0,0,0,0,1,0,1,0
1,0,0,0,1,45.8,0,0,0,0,0,0,0,0,0,0,0,0,1,0,0,1
0,0,0,0,10,777.3,0,1,1,0,0,0,0,0,0,0,0,0,1,0,0,1
1,0,0,0,6,556.35,0,0,1,0,0,1,0,0,0,1,0,0,1,0,1,0
1,0,1,0,51,4911.05,0,1,1,0,1,1,0,0,0,1,1,0,1,1,0,0
0,0,0,0,10,187.35,0,0,0,1,0,0,0,0,0,0,0,0,1,0,0,1
0,0,0,0,6,307.6,1,0,0,0,1,1,0,1,0,1,0,0,0,1,0,0
1,0,1,1,47,4318.35,0,1,0,0,1,1,1,1,1,1,0,1,1,0,0,1
0,0,1,1,61,4820.55,0,1,0,0,1,1,1,1,0,1,1,0,1,0,1,0
0,0,0,0,52,3038.55,1,0,0,0,1,1,1,0,1,1,0,1,1,0,0,0
0,0,1,1,35,2136.9,0,1,0,0,1,1,0,0,0,0,0,0,1,1,0,0
1,0,1,0,71,7472.15,0,1,1,0,0,1,1,0,1,1,1,0,1,0,0,0
0,0,0,0,6,389.1,0,0,0,0,1,1,0,0,0,0,0,0,0,0,1,0
1,0,1,0,45,2296.25,0,0,0,0,1,0,1,0,0,0,0,1,0,1,0,0
0,0,0,0,2,187.45,0,1,1,0,0,0,0,0,1,0,0,0,1,0,1,0
0,0,0,0,4,261.25,0,0,0,0,0,1,0,0,1,1,0,0,1,0,0,0
1,0,0,0,2,38.45,1,0,0,0,0,0,0,0,0,0,0,0,0,0,0,1
1,0,0,0,4,299.2,0,0,1,0,0,0,0,0,1,0,0,0,0,0,1,0
1,0,0,0,51,3043.6,0,1,0,0,1,0,0,1,0,0,1,0,0,1,0,0
1,0,1,1,60,1506.4,0,1,0,1,0,0,0,0,0,0,1,0,0,1,0,0
1,0,0,0,9,163.7,0,0,0,1,0,0,0,0,0,0,1,0,1,0,0,1
1,0,0,0,3,323.25,0,1,1,0,0,1,1,0,1,1,0,0,1,0,0,0
1,0,0,0,17,1640,0,1,1,0,0,0,1,1,0,1,0,0,1,0,0,0
0,0,0,0,8,762.1,0,1,1,0,0,0,0,0,1,0,0,0,1,0,1,0
1,0,1,1,46,3846.35,0,0,0,0,1,0,1,1,1,1,0,1,0,0,0,1
0,0,0,0,68,5646.6,0,0,0,0,1,1,1,1,1,1,0,1,1,1,0,0
1,0,0,0,1,53.5,0,0,0,0,0,0,0,0,1,0,0,0,1,0,0,1
0,0,1,0,4,79.05,0,0,0,1,0,0,0,0,0,0,1,0,0,0,0,0
0,0,0,0,1,25.1,1,0,0,0,0,0,0,0,0,0,0,0,1,0,0,1
1,0,0,1,28,1516.6,0,0,0,0,0,1,0,1,0,0,1,0,1,1,0,0
0,0,0,0,39,2224.5,0,0,0,0,0,1,0,0,1,0,1,0,1,1,0,0
1,0,0,0,11,888.75,0,0,1,0,0,0,1,0,0,1,0,0,0,0,1,0
0,0,1,0,71,4310.35,1,0,0,0,0,1,1,1,1,1,0,1,1,1,0,0
1,0,0,1,2,42.9,0,0,0,1,0,0,0,0,0,0,0,0,0,0,0,1
1,0,1,0,30,2365.15,0,0,1,0,0,1,1,0,0,0,0,0,1,0,0,1
0,0,0,0,17,353.65,0,0,0,1,0,0,0,0,0,0,1,0,0,0,0,1
0,0,1,0,55,5073.1,0,1,1,0,0,1,1,0,1,0,0,0,1,1,0,0
0,0,0,0,58,4526.85,0,1,1,0,1,0,0,0,0,0,0,0,1,0,0,0
0,0,0,0,5,308.25,0,0,0,0,1,0,0,1,0,0,0,0,0,0,1,0
0,0,0,0,1,19.45,0,0,0,1,0,0,0,0,0,0,0,0,1,0,1,0
1,0,0,0,9,678.45,0,1,1,0,0,0,0,0,0,0,0,0,1,0,1,0
1,0,0,0,26,1237.3,0,0,0,0,0,0,0,1,0,0,0,0,0,0,0,0
0,0,0,0,50,1023.95,0,0,0,1,0,0,0,0,0,0,0,1,0,1,0,0
0,0,1,0,72,8182.75,0,1,1,0,1,1,1,1,1,1,0,1,1,0,0,0
0,0,0,1,43,4532.3,0,0,1,0,1,1,0,1,1,1,1,0,1,1,0,0
1,0,0,0,56,1444.05,0,1,0,1,0,0,0,0,0,0,0,1,1,0,0,0
0,0,0,0,1,19.1,0,0,0,1,0,0,0,0,0,0,0,0,0,0,0,1
1,0,1,1,72,7372.65,0,1,1,0,0,1,1,0,1,1,0,1,1,0,1,0
1,0,1,0,72,7325.1,0,1,1,0,1,1,0,1,0,1,0,1,1,0,0,0
1,0,1,0,36,3474.2,0,1,1,0,0,0,0,0,1,1,0,0,1,0,1,0
1,0,0,0,5,392.65,0,0,0,0,0,0,1,1,1,1,0,0,0,0,0,0
0,0,0,0,13,1058.6,0,1,1,0,0,1,1,0,0,0,0,0,1,0,1,0
0,0,0,0,44,3990.75,0,0,1,0,0,1,1,0,0,1,1,0,0,1,0,0
0,0,1,1,70,7475.85,0,1,1,0,0,1,1,1,1,1,1,0,1,0,1,0
1,0,0,0,44,835.5,0,0,0,1,0,0,0,0,0,0,1,0,0,1,0,0
0,0,1,0,32,2628.6,0,1,1,0,0,0,0,0,1,0,0,0,1,1,0,0
0,0,1,0,69,1718.35,0,1,0,1,0,0,0,0,0,0,0,1,1,1,0,0
0,0,0,0,16,1023.9,0,0,0,0,0,0,0,1,1,0,0,0,0,0,1,0
1,0,1,1,68,1193.55,0,0,0,1,0,0,0,0,0,0,1,0,0,0,0,0
1,0,0,0,16,1205.5,0,0,1,0,0,0,0,0,0,0,0,0,1,1,0,0
1,0,1,1,68,5776.45,0,0,0,0,1,1,0,1,1,1,0,1,0,0,0,0
1,0,0,0,4,78.9,0,0,0,1,0,0,0,0,0,0,0,0,0,0,0,1
0,0,1,1,26,1025.15,1,0,0,0,1,1,0,1,0,0,0,0,0,1,0,0
0,0,0,0,29,856.35,1,0,0,0,0,1,0,0,0,0,0,0,1,0,1,0
1,0,0,1,5,122,0,0,0,1,0,0,0,0,0,0,0,0,0,1,0,0
1,0,1,0,70,6602.9,0,1,1,0,0,1,1,0,1,0,1,0,1,0,0,0
1,0,1,0,24,1712.9,0,0,0,0,1,0,0,1,1,1,1,0,0,0,0,0
0,0,1,0,72,5682.25,0,1,0,0,1,1,1,1,0,1,0,1,0,0,0,0
1,0,0,0,1,74.3,0,0,1,0,0,0,0,1,0,0,0,0,1,0,0,1
1,0,1,0,70,3635.15,1,0,0,0,0,1,1,1,0,1,1,0,1,0,0,0
0,0,1,1,36,702.9,0,0,0,1,0,0,0,0,0,0,0,0,0,0,0,0
0,0,0,0,38,3734.25,0,1,1,0,0,0,0,1,1,1,0,0,1,0,1,0
0,0,0,0,17,1144.5,0,0,1,0,0,0,0,0,0,0,0,0,1,0,1,0
0,0,1,1,41,4454.25,0,1,1,0,0,1,1,1,1,1,1,0,1,0,0,0
0,0,0,0,1,45.3,0,0,0,0,0,0,0,0,0,0,0,0,1,0,1,0
1,0,0,0,2,75.6,1,0,0,0,0,0,0,1,0,0,0,0,0,0,0,0
1,0,0,0,14,1117.55,0,0,1,0,0,0,1,0,0,0,0,0,0,0,1,0
1,0,0,0,2,180.25,0,0,1,0,0,1,1,1,0,1,0,0,1,1,0,0
1,0,0,0,1,19.8,0,0,0,1,0,0,0,0,0,0,0,0,0,0,0,1
1,0,1,1,13,930.05,0,1,0,0,0,1,1,1,1,0,0,0,1,0,1,0
1,0,0,0,6,110.15,0,0,0,1,0,0,0,0,0,0,0,0,0,0,0,1
0,0,0,0,4,333.6,0,0,1,0,0,1,0,0,0,0,0,0,1,0,0,0
0,0,1,1,5,465.05,0,0,1,0,0,1,0,1,1,1,0,0,1,0,0,1
0,0,1,0,15,1669.4,0,0,1,0,1,0,1,0,1,1,0,0,0,0,1,0
0,0,0,0,47,3545.1,0,0,1,0,1,0,0,0,0,0,0,0,0,1,0,0
0,0,0,0,8,504.05,0,0,0,0,0,0,1,1,0,1,0,0,0,0,0,1
1,0,0,0,17,440.2,1,0,0,0,0,0,0,0,0,0,0,0,1,0,0,1
1,0,1,1,15,1151.55,0,0,1,0,1,0,0,0,0,0,0,0,0,0,0,1
0,0,0,0,26,2475.35,0,0,1,0,1,0,1,1,0,1,1,0,1,0,0,0
0,0,0,0,23,1249.25,0,1,0,0,1,0,0,0,0,0,0,0,0,0,1,0
0,0,0,0,4,317.75,0,0,1,0,0,1,0,0,0,0,0,0,0,0,1,0
1,0,0,1,29,535.05,0,0,0,1,0,0,0,0,0,0,1,0,0,0,0,1
0,0,0,0,25,461.3,0,0,0,1,0,0,0,0,0,0,0,0,0,0,0,1
1,0,0,0,9,431,0,0,0,0,0,0,0,0,0,0,0,0,0,0,0,1
1,0,1,0,18,878.35,0,0,0,0,0,0,1,0,0,0,0,0,1,0,0,1
1,0,0,0,3,335.75,0,1,1,0,0,0,0,0,1,1,0,0,1,0,1,0
0,0,1,1,69,3121.4,1,0,0,0,1,1,1,1,0,0,0,1,0,0,0,0
1,0,0,0,14,324.8,0,0,0,1,0,0,0,0,0,0,1,0,0,0,0,1
1,0,0,0,19,1394.55,0,1,0,0,0,0,0,0,1,1,0,0,0,0,0,1
1,0,0,0,39,3413.25,0,1,1,0,0,1,0,0,0,1,0,0,0,0,1,0
1,0,0,0,31,3143.65,0,0,1,0,0,1,1,0,1,1,0,0,1,0,1,0
1,0,1,1,24,439.75,0,0,0,1,0,0,0,0,0,0,1,0,0,0,0,1
1,0,1,0,14,664.4,0,0,0,0,0,0,0,1,0,0,0,0,0,0,0,0
0,0,1,0,64,4759.55,0,0,0,0,1,1,1,1,0,1,0,1,1,0,0,1
0,0,0,0,50,1033,0,0,0,1,0,0,0,0,0,0,1,0,1,0,0,1
1,0,1,1,52,3482.85,0,0,0,0,0,1,1,1,1,0,1,0,1,0,1,0
1,0,0,0,28,2688.45,0,1,1,0,0,1,0,0,1,1,1,0,0,0,1,0
0,0,0,0,21,435.25,0,0,0,1,0,0,0,0,0,0,0,1,1,1,0,0
1,0,0,1,25,2448.75,0,0,1,0,0,1,0,0,1,1,0,0,1,0,1,0
0,0,1,0,17,307,0,0,0,1,0,0,0,0,0,0,1,0,0,0,0,1
1,0,1,0,58,2689.35,1,0,0,0,0,0,0,0,1,1,1,0,1,1,0,0
1,0,1,0,17,1329.2,0,0,1,0,0,0,0,0,0,1,0,0,0,0,0,0
0,0,1,0,51,1281.25,0,1,0,1,0,0,0,0,0,0,0,1,0,0,0,1
1,0,1,1,72,3527,1,0,0,0,1,0,1,1,1,0,0,1,0,0,0,1
1,0,1,0,52,4348.65,0,0,1,0,1,0,0,0,1,0,0,0,0,0,1,0
0,0,0,0,27,561.15,0,0,0,1,0,0,0,0,0,0,0,1,1,0,0,1
0,0,0,0,3,63.6,0,0,0,1,0,0,0,0,0,0,0,0,0,0,0,1
0,0,1,0,64,5129.3,0,1,0,0,1,1,1,1,0,1,0,1,1,0,0,1
0,0,1,0,45,4285.8,0,0,1,0,0,0,0,1,1,1,0,1,1,1,0,0
1,0,1,0,3,93.7,1,0,0,0,0,0,0,0,1,0,0,0,1,0,0,1
0,0,1,0,71,5894.5,0,1,0,0,0,1,1,1,1,1,0,1,1,1,0,0
0,0,0,0,1,25.05,1,0,0,0,0,0,0,0,0,0,0,0,0,0,0,1
0,0,1,1,58,1160.75,0,0,0,1,0,0,0,0,0,0,0,1,0,1,0,0
1,0,1,1,34,3091.75,0,0,1,0,0,1,1,0,1,0,0,0,1,0,1,0
0,0,0,0,8,365.55,0,0,0,0,1,0,0,0,0,0,0,0,1,0,1,0
0,0,1,1,15,272.95,0,0,0,1,0,0,0,0,0,0,0,0,0,0,0,1
1,0,1,1,66,3632,1,0,0,0,0,0,1,1,1,1,0,1,0,0,0,0
1,0,0,0,12,381.2,1,0,0,0,0,1,0,0,0,0,0,0,1,1,0,0
1,0,0,0,58,1035.5,0,0,0,1,0,0,0,0,0,0,0,1,1,0,0,0
0,0,1,1,3,52,0,0,0,1,0,0,0,0,0,0,0,1,0,0,0,1
0,0,1,0,43,2342.2,1,0,0,0,0,1,1,0,1,1,0,0,0,1,0,0
0,0,0,0,9,653.9,0,0,1,0,0,1,1,0,0,0,0,0,0,0,1,0
0,0,0,0,3,71.2,0,0,0,1,0,0,0,0,0,0,1,0,0,0,0,1
0,0,1,1,22,1498.2,0,0,0,0,0,1,0,0,1,1,1,0,1,0,0,0
1,0,1,0,40,4178.65,0,1,1,0,0,1,1,0,1,1,1,0,1,0,0,0
0,0,0,0,68,1821.8,0,1,0,1,0,0,0,0,0,0,0,1,0,0,0,0
1,0,1,0,54,5278.15,0,1,1,0,0,1,1,0,1,1,0,0,1,0,1,0
0,0,0,0,50,4024.2,0,1,0,0,0,1,0,1,1,1,0,1,1,0,0,1
1,0,0,0,1,55.25,0,0,0,0,0,0,0,0,0,1,0,0,1,0,1,0
0,0,1,0,72,6520.8,0,1,0,0,1,1,1,1,1,1,0,1,0,0,0,0
1,0,0,1,40,854.9,0,0,0,1,0,0,0,0,0,0,1,0,1,0,0,0
0,0,1,1,72,8308.9,0,1,1,0,1,1,1,1,1,1,0,1,1,0,0,0
0,0,0,0,6,109.2,0,0,0,1,0,0,0,0,0,0,0,0,0,0,0,1
0,0,0,0,5,92.05,0,0,0,1,0,0,0,0,0,0,0,0,1,1,0,0
1,0,1,0,48,3420.5,0,1,0,0,0,1,1,0,0,1,1,0,1,1,0,0
0,0,0,0,1,93.85,0,1,1,0,0,0,0,0,1,1,0,0,1,0,1,0
0,0,1,1,64,4068,0,0,0,0,1,0,0,1,1,0,1,0,0,0,0,1
0,0,0,0,17,337.9,0,0,0,1,0,0,0,0,0,0,1,0,0,1,0,0
1,0,1,0,40,3168.75,0,0,1,0,0,1,1,0,0,0,0,0,1,0,1,0
0,0,1,1,41,1412.4,1,0,0,0,1,0,1,0,0,0,1,0,0,1,0,0
1,0,0,0,51,3974.7,0,1,1,0,0,1,0,0,0,0,1,0,1,0,0,0
1,0,1,0,41,3439,0,1,1,0,0,1,0,0,0,0,0,0,1,0,1,0
0,0,1,1,1,50.45,0,0,0,0,0,0,1,0,0,0,0,0,0,0,0,1
0,0,0,0,2,42.45,0,0,0,1,0,0,0,0,0,0,0,0,1,0,0,1
1,0,0,0,68,5461.45,0,0,1,0,0,1,1,0,0,0,1,0,0,1,0,0
0,0,1,1,24,571.75,0,1,0,1,0,0,0,0,0,0,0,1,0,0,0,1
1,0,1,0,70,5498.2,0,1,0,0,1,0,1,1,0,1,0,1,0,1,0,0
1,0,0,0,3,96.85,1,0,0,0,0,0,0,1,0,0,0,0,1,0,1,0
1,0,0,0,2,111.05,0,0,0,0,0,0,0,0,0,0,0,0,0,0,0,0
1,0,1,0,3,94.4,1,0,0,0,0,1,0,0,0,0,0,0,0,1,0,0
0,0,0,0,7,521.1,0,1,0,0,0,0,0,1,1,1,0,0,1,0,1,0
0,0,0,0,13,923.85,0,0,0,0,1,0,0,0,1,1,0,0,1,0,1,0
1,0,0,0,7,141.1,0,0,0,1,0,0,0,0,0,0,0,0,0,0,0,1
1,0,1,1,12,628.65,0,0,0,0,0,0,0,0,1,0,0,0,1,0,0,1
1,0,1,1,53,5576.3,0,1,1,0,0,1,1,0,1,1,1,0,1,0,1,0
0,0,0,0,12,1046.1,0,1,1,0,0,0,0,0,1,1,0,0,1,0,1,0
1,0,1,1,63,1245.6,0,0,0,1,0,0,0,0,0,0,0,1,0,0,0,1
0,0,0,0,15,1287.85,0,0,0,0,1,1,1,1,1,1,0,0,0,0,0,1
1,0,1,1,36,1939.35,0,0,0,0,1,1,0,0,0,0,1,0,0,0,0,1
1,0,1,0,4,118.25,1,0,0,0,0,0,1,0,0,0,0,0,1,0,1,0
0,0,1,1,24,452.55,0,0,0,1,0,0,0,0,0,0,0,1,0,0,0,1
0,0,0,0,61,2696.55,1,0,0,0,1,1,1,1,0,0,1,0,0,1,0,0
1,0,0,0,16,875.35,0,1,0,0,0,1,0,0,0,0,0,0,0,0,1,0
1,0,1,1,65,1267.05,0,0,0,1,0,0,0,0,0,0,0,1,1,1,0,0
0,0,1,1,26,494.9,0,0,0,1,0,0,0,0,0,0,0,1,0,1,0,0
1,0,0,0,16,799,0,0,0,0,0,0,0,1,0,0,0,0,1,0,0,1
0,0,1,0,54,5763.3,0,1,1,0,1,1,0,0,1,1,1,0,0,0,0,0
1,0,0,0,1,20.1,0,0,0,1,0,0,0,0,0,0,0,0,0,0,0,1
1,0,0,1,5,106.9,0,0,0,1,0,0,0,0,0,0,0,1,0,0,0,1
0,0,0,0,19,710.05,1,0,0,0,0,1,0,0,0,1,0,0,1,0,1,0
1,0,0,0,10,568.2,0,1,0,0,1,0,0,0,0,0,0,0,1,1,0,0
0,0,1,1,23,1900.25,0,0,1,0,0,1,1,1,0,0,0,0,0,0,1,0
1,0,0,0,3,159.15,0,0,0,0,0,0,0,0,1,0,0,0,0,0,0,1
0,0,0,0,72,8012.75,0,1,1,0,0,1,1,1,1,1,0,1,1,0,0,0
1,0,1,0,10,856.65,0,1,1,0,0,0,0,0,0,1,0,0,1,0,1,0
0,0,1,1,10,551.3,0,0,0,0,0,1,1,0,0,0,0,0,1,0,0,1
1,0,1,0,11,184.95,0,0,0,1,0,0,0,0,0,0,1,0,1,0,0,1
0,0,0,0,37,4056.75,0,1,1,0,1,1,0,0,1,1,0,0,1,0,0,0
1,0,1,1,17,1096.65,0,1,0,0,1,0,0,1,0,0,1,0,1,0,0,1
0,0,1,1,36,3684.95,0,1,1,0,1,0,1,0,1,1,0,0,1,1,0,0
1,0,0,0,17,1752.45,0,0,1,0,0,1,1,0,1,1,0,0,1,0,1,0
0,0,1,1,66,7210.85,0,1,1,0,1,1,0,1,1,1,1,0,1,1,0,0
1,0,1,1,61,5264.5,0,0,0,0,1,1,1,1,1,1,1,0,0,0,0,0
1,0,0,0,22,2157.3,0,0,1,0,0,1,0,0,1,1,0,0,1,0,0,1
1,0,0,0,1,24.4,1,0,0,0,0,0,0,0,0,0,0,0,1,0,1,0
0,0,0,0,6,433.95,0,0,1,0,0,0,0,0,0,0,0,0,0,1,0,0
1,0,0,0,31,2435.15,0,0,1,0,0,1,0,1,0,0,0,0,1,0,1,0
0,0,1,1,68,5607.75,0,0,0,0,1,1,1,1,1,1,0,1,1,1,0,0
0,0,1,1,34,2874.15,0,1,1,0,0,0,1,0,1,0,0,0,0,0,1,0
0,0,1,1,52,4433.3,0,0,1,0,0,1,1,1,0,0,0,0,0,0,0,0
0,0,0,1,10,964.35,0,0,1,0,0,0,1,1,1,0,0,0,1,0,1,0
1,0,1,1,29,1974.8,0,0,1,0,0,0,0,0,0,0,0,0,1,0,1,0
0,0,1,1,72,1460.85,0,0,0,1,0,0,0,0,0,0,0,1,0,0,0,0
1,0,1,1,47,951.55,0,0,0,1,0,0,0,0,0,0,1,0,0,0,0,1
1,0,1,1,24,1821.2,0,1,0,0,1,0,0,0,1,1,1,0,0,0,0,1
1,0,0,0,65,1600.95,0,1,0,1,0,0,0,0,0,0,1,0,0,1,0,0
0,0,0,0,4,399.25,0,1,1,0,0,0,0,1,1,1,0,0,1,0,0,1
1,0,1,0,12,1218.55,0,1,1,0,0,1,0,0,1,1,0,0,1,0,1,0
1,0,0,0,1,81.7,0,1,1,0,1,0,0,0,0,0,0,0,1,0,1,0
1,0,0,0,33,2171.15,0,0,1,0,0,0,0,0,0,0,0,0,0,0,1,0
0,0,0,0,34,3634.8,0,0,1,0,0,1,1,1,1,1,0,0,1,0,1,0
0,0,1,0,14,292.4,0,0,0,1,0,0,0,0,0,0,0,1,0,0,0,1
0,0,0,0,4,317.25,0,0,1,0,0,0,0,0,0,1,0,0,1,0,1,0
1,0,1,1,13,218.55,0,0,0,1,0,0,0,0,0,0,1,0,0,0,0,1
0,0,1,1,65,5071.9,0,1,0,0,0,1,0,1,1,1,0,1,1,0,0,0
1,0,1,1,23,1423.35,0,0,0,0,1,0,0,1,0,0,1,0,0,1,0,0
1,0,1,0,55,3068.6,0,0,0,0,1,1,1,0,0,0,0,1,0,0,1,0
1,0,1,0,49,4690.65,0,0,1,0,0,1,0,0,1,1,0,1,1,0,1,0
1,0,1,0,60,6157.6,0,1,1,0,0,1,1,0,1,1,1,0,0,0,0,0
0,0,1,1,69,1442.65,0,0,0,1,0,0,0,0,0,0,1,0,1,1,0,0
1,0,0,0,40,3369.05,0,1,1,0,0,0,0,0,1,0,0,0,1,0,1,0
1,0,1,0,67,4671.65,0,0,0,0,1,1,0,1,0,1,0,1,1,1,0,0
1,0,0,0,35,3474.05,0,1,1,0,0,0,0,0,1,1,0,0,1,0,1,0
1,0,1,1,19,1875.55,0,1,1,0,0,0,0,1,1,1,1,0,1,0,1,0
0,0,1,1,13,272.35,0,0,0,1,0,0,0,0,0,0,0,1,0,0,0,1
0,0,0,1,41,3645.05,0,1,1,0,0,1,0,0,1,0,0,0,1,0,0,0
0,0,0,0,4,135.75,1,0,0,0,1,0,1,0,0,0,0,0,0,0,0,1
0,0,1,1,24,1319.85,0,0,0,0,1,0,0,1,0,0,0,0,0,0,1,0
0,0,0,0,5,229.4,1,0,0,0,0,1,0,0,1,1,0,0,1,1,0,0
0,0,0,0,5,370.25,0,1,0,0,0,1,0,0,0,1,0,0,1,0,1,0
0,0,1,1,1,69.1,0,0,1,0,0,0,0,0,0,0,0,0,1,0,0,1
0,0,1,1,72,5714.2,0,1,0,0,1,1,1,1,1,0,0,1,0,0,0,0
0,0,0,0,24,1233.25,0,0,0,0,0,0,1,0,0,0,0,0,1,1,0,0
0,0,1,0,42,3571.6,0,1,0,0,1,0,1,1,1,1,0,1,0,1,0,0
0,0,0,0,4,83.3,0,0,0,1,0,0,0,0,0,0,0,0,0,0,0,1
1,0,0,0,68,8035.95,0,1,1,0,1,1,1,1,1,1,1,0,1,1,0,0
0,0,1,1,33,579.4,0,0,0,1,0,0,0,0,0,0,1,0,0,0,0,1
0,0,0,0,1,69.6,0,0,1,0,0,0,0,0,0,0,0,0,1,0,1,0
1,0,0,0,31,3066.45,0,1,1,0,0,1,1,0,1,1,1,0,1,0,1,0
0,0,0,0,4,305.55,0,1,1,0,0,1,0,0,0,0,0,0,0,0,0,0
1,0,1,0,69,7634.25,0,1,1,0,0,1,1,1,1,1,0,1,1,0,1,0
1,0,0,0,38,3653,0,1,1,0,0,0,0,0,1,1,0,0,0,0,1,0
0,0,1,1,3,241.3,0,0,1,0,0,1,0,1,0,0,0,0,1,0,1,0
0,0,1,1,48,3870.3,0,1,0,0,0,1,0,1,1,1,0,1,0,0,1,0
0,0,1,0,15,387.9,0,1,0,1,0,0,0,0,0,0,0,1,0,0,0,1
0,0,0,0,25,527.5,0,0,0,1,0,0,0,0,0,0,1,0,0,1,0,0
0,0,0,0,1,78.45,0,0,1,0,0,0,0,0,1,0,0,0,0,0,1,0
0,0,0,0,48,2104.55,1,0,0,0,1,1,0,0,1,0,0,0,1,0,1,0
1,0,0,0,1,20.3,0,0,0,1,0,0,0,0,0,0,0,0,0,0,0,1
1,0,0,0,1,19.2,0,0,0,1,0,0,0,0,0,0,0,0,0,0,1,0
0,0,0,0,37,3019.1,0,0,1,0,0,1,1,0,0,0,1,0,0,0,1,0
1,0,1,0,66,7051.95,0,1,1,0,0,1,1,1,1,1,1,0,1,0,0,0
0,0,1,0,26,1190.5,1,0,0,0,1,1,1,0,1,0,1,0,0,0,0,0
1,0,1,0,63,4448.8,0,0,0,0,1,1,0,1,1,0,1,0,0,1,0,0
1,0,0,0,10,255.25,1,0,0,0,0,0,1,0,0,0,0,0,0,0,0,1
0,0,0,0,2,146.9,0,0,0,0,1,0,0,0,1,1,0,0,1,0,1,0
1,0,1,0,18,1011.05,0,0,0,0,1,0,0,0,0,1,0,0,1,1,0,0
0,0,1,0,64,1714.95,0,1,0,1,0,0,0,0,0,0,0,1,0,0,0,1
0,0,0,0,9,762.5,0,1,1,0,0,0,0,0,0,1,0,0,1,0,1,0
0,0,0,1,28,535.35,0,0,0,1,0,0,0,0,0,0,0,0,0,0,0,1
0,0,0,0,1,75.55,0,0,1,0,0,0,1,0,0,0,0,0,0,0,1,0
1,0,0,0,4,338.9,0,1,1,0,0,0,0,0,0,1,0,0,1,0,1,0
1,0,0,0,38,2497.35,0,0,0,0,0,1,1,1,1,0,1,0,1,1,0,0
1,0,1,0,66,6273.4,0,1,1,0,0,1,1,0,0,1,1,0,0,0,1,0
0,0,0,0,1,70.25,0,0,1,0,0,0,0,0,0,0,0,0,1,0,1,0
0,0,1,0,18,908.75,0,0,0,0,0,0,0,1,0,0,0,0,1,0,0,1
1,0,0,0,51,4913.3,0,1,1,0,0,0,1,0,1,1,0,0,1,0,1,0
1,0,0,0,1,46.3,0,0,0,0,0,0,0,0,0,0,0,0,0,0,0,1
1,0,0,1,12,212.3,0,0,0,1,0,0,0,0,0,0,0,1,0,0,0,0
0,0,0,0,41,4443.45,0,1,1,0,0,1,1,0,1,1,0,0,1,0,1,0
1,0,0,0,12,316.2,0,1,0,1,0,0,0,0,0,0,0,0,0,0,1,0
0,0,1,1,55,1079.05,0,0,0,1,0,0,0,0,0,0,0,1,0,0,0,1
0,0,0,0,7,564.65,0,1,1,0,0,0,0,0,0,0,0,0,1,0,1,0
0,0,0,0,12,1095.65,0,0,1,0,0,0,1,1,0,1,0,0,1,0,1,0
0,0,1,1,68,6161.9,0,1,0,0,1,1,1,1,1,1,0,1,0,1,0,0
0,0,0,0,5,446.05,0,1,1,0,0,0,0,0,1,0,0,0,1,1,0,0
0,0,0,0,49,2106.05,0,0,0,0,0,0,0,0,0,0,0,0,0,0,0,1
1,0,0,0,40,2511.55,1,0,0,0,1,1,1,0,1,1,1,0,0,1,0,0
0,0,0,0,16,318.6,0,0,0,1,0,0,0,0,0,0,1,0,0,0,0,0
1,0,0,0,10,811.8,0,1,1,0,0,0,0,0,0,0,0,0,1,0,0,1
0,0,1,0,72,7323.15,0,1,1,0,0,1,1,0,1,1,1,0,1,0,1,0
0,0,0,0,2,186.05,0,1,1,0,0,0,0,0,0,1,0,0,1,0,1,0
1,0,1,1,23,454,0,0,0,1,0,0,0,0,0,0,0,1,0,0,0,1
0,0,0,0,71,7521.95,0,1,1,0,0,1,1,0,1,1,1,0,1,0,1,0
0,0,1,0,11,1056.95,0,1,1,0,0,0,1,0,1,1,0,0,1,0,1,0
1,0,0,0,1,44.15,0,0,0,0,0,0,0,0,0,0,0,0,1,0,0,1
0,0,0,0,16,834.15,0,0,0,0,0,1,0,1,0,0,0,0,1,0,0,1
0,0,0,0,1,85.45,0,1,1,0,0,0,0,0,0,1,0,0,1,0,0,1
1,0,1,0,12,999.8,0,0,1,0,0,1,0,0,0,1,0,0,1,1,0,0
0,0,0,0,54,2369.7,1,0,0,0,1,0,0,1,0,1,1,0,0,0,0,0
0,0,1,0,68,6297.65,0,1,1,0,0,1,1,1,0,0,0,1,0,1,0,0
0,0,1,1,4,239.55,0,1,0,0,0,0,0,0,0,0,0,0,0,0,0,1
0,0,0,1,1,59.2,0,0,0,0,0,0,1,0,0,1,0,0,0,0,1,0
1,0,0,0,27,1461.45,0,0,0,0,1,0,0,1,0,0,0,0,0,0,0,1
1,0,0,0,21,416.4,0,0,0,1,0,0,0,0,0,0,0,0,1,0,0,1
1,0,0,0,13,1060.6,0,0,1,0,0,0,1,0,1,0,0,0,1,0,1,0
0,0,0,0,64,4869.35,0,1,0,0,0,1,1,1,0,1,0,0,0,1,0,0
0,0,0,0,1,54.9,0,0,0,0,1,1,0,0,0,0,0,0,1,0,1,0
1,0,1,0,57,3265.95,1,0,0,0,0,1,1,1,1,1,0,1,1,0,0,0
0,0,1,0,21,2254.2,0,1,1,0,1,0,1,0,1,1,0,0,1,0,1,0
1,0,0,0,19,358.15,0,0,0,1,0,0,0,0,0,0,0,1,0,0,0,1
1,0,1,0,31,2939.8,0,0,1,0,0,0,1,0,1,1,1,0,1,0,1,0
1,0,0,0,52,4652.4,0,1,0,0,1,1,1,1,1,1,0,1,1,0,0,1
0,0,0,0,46,4408.45,0,1,1,0,0,1,1,0,0,1,1,0,1,0,1,0
0,0,0,0,11,580.8,0,1,0,0,1,0,0,0,0,0,0,0,1,0,1,0
0,0,1,1,53,2495.2,1,0,0,0,1,1,1,0,0,1,0,0,1,0,0,0
0,0,1,1,11,180.3,0,0,0,1,0,0,0,0,0,0,0,0,1,0,0,1
1,0,0,0,57,5913.95,0,1,1,0,0,1,0,1,1,1,0,0,1,0,0,0
0,0,0,0,2,158.4,0,1,1,0,0,0,0,0,0,0,0,0,1,0,0,1
0,0,0,0,2,104.2,0,0,0,0,1,1,0,0,0,0,0,0,0,0,0,1
0,0,1,1,71,1389.35,0,0,0,1,0,0,0,0,0,0,0,1,0,0,0,0
0,0,1,1,1,19.4,0,0,0,1,0,0,0,0,0,0,0,0,1,0,0,1
1,0,1,0,68,1629.2,0,1,0,1,0,0,0,0,0,0,0,1,0,1,0,0
1,0,1,0,72,6033.1,0,0,0,0,1,1,1,1,1,1,0,1,0,0,0,1
0,0,0,0,2,44.4,0,0,0,1,0,0,0,0,0,0,0,0,0,0,0,1
1,0,1,0,1,95.1,0,1,1,0,0,0,0,0,1,1,0,0,1,0,1,0
0,0,0,0,41,3320.75,0,0,0,0,1,0,1,1,1,1,1,0,1,0,0,0
1,0,1,1,72,1867.7,0,1,0,1,0,0,0,0,0,0,0,1,0,1,0,0
1,0,1,0,6,438,0,1,1,0,0,0,0,0,0,0,0,0,1,0,1,0
0,0,1,1,4,325.45,0,0,1,0,0,0,1,0,0,0,0,0,1,0,1,0
1,0,0,0,12,1148.1,0,1,1,0,0,0,0,0,1,1,0,0,1,0,1,0
0,0,1,0,58,3972.25,0,1,0,0,1,0,0,1,0,1,1,0,1,0,1,0
0,0,0,0,7,155.9,0,0,0,1,0,0,0,0,0,0,0,0,0,0,0,1
0,0,1,0,65,3673.15,0,0,0,0,1,0,1,0,0,0,0,0,1,0,0,1
1,0,0,0,1,70.6,0,0,1,0,0,0,0,0,0,0,0,0,1,0,0,1
1,0,1,0,56,1126.75,0,0,0,1,0,0,0,0,0,0,1,0,0,1,0,0
1,0,0,0,4,73.45,0,0,0,1,0,0,0,0,0,0,0,0,0,0,0,1
0,0,1,1,58,2413.05,0,0,0,0,0,0,0,0,0,0,1,0,1,0,0,1
1,0,1,0,62,6912.7,0,1,1,0,0,0,1,1,1,1,0,1,1,0,0,0
1,0,0,0,26,1581.95,0,1,0,0,1,1,0,0,0,0,1,0,0,0,1,0
1,0,0,0,62,5586.45,0,1,1,0,1,1,1,0,0,0,0,0,0,0,0,0
0,0,1,1,58,5846.65,0,0,1,0,1,1,0,0,1,1,1,0,0,1,0,0
0,0,1,0,68,6424.7,0,1,0,0,1,1,1,1,1,1,0,1,1,0,1,0
0,0,1,1,61,6018.65,0,1,1,0,1,1,1,0,0,1,1,0,1,1,0,0
0,0,0,0,42,3373.4,0,1,0,0,0,0,1,1,1,1,0,1,1,1,0,0
1,0,0,0,18,1537.9,0,1,1,0,0,0,0,0,1,0,0,0,0,0,0,0
0,0,0,0,56,1080.55,0,0,0,1,0,0,0,0,0,0,0,1,1,0,0,0
0,0,0,0,4,355.2,0,1,1,0,0,1,0,0,0,1,0,0,1,0,1,0
0,0,0,0,4,82.85,0,0,0,1,0,0,0,0,0,0,0,0,0,1,0,0
0,0,0,1,35,2016.45,0,0,0,0,1,1,0,0,0,0,1,0,0,1,0,0
0,0,1,1,64,5327.25,0,1,1,0,1,0,0,1,0,0,0,0,1,0,0,0
0,0,0,0,31,683.25,0,0,0,1,0,0,0,0,0,0,1,0,0,0,0,1
0,0,1,0,67,1263.05,0,0,0,1,0,0,0,0,0,0,0,1,1,0,0,0
0,0,0,0,4,151.3,0,0,0,0,0,1,0,0,0,0,0,0,0,1,0,0
0,0,1,0,70,7714.65,0,1,1,0,1,1,1,1,1,1,0,1,1,0,1,0
1,0,0,0,3,188.7,0,0,0,0,0,0,0,0,1,0,0,0,0,1,0,0
1,0,1,0,53,5549.4,0,1,1,0,0,1,0,0,1,1,0,0,1,0,1,0
1,0,1,1,2,130.5,0,0,0,0,1,1,0,1,0,0,0,1,0,0,0,1
0,0,1,1,29,2621.75,0,0,1,0,0,0,0,0,1,1,0,0,1,1,0,0
0,0,0,0,47,1875.25,1,0,0,0,1,0,1,1,0,0,0,1,0,0,0,1
0,0,1,1,68,5685.8,0,1,1,0,0,0,0,0,1,0,1,0,1,0,1,0
1,0,0,1,12,837.5,0,0,0,0,1,0,0,0,1,1,0,0,1,0,0,1
0,0,1,1,8,401.5,0,0,0,0,0,1,0,1,0,0,0,0,0,0,0,0
1,0,1,0,54,6118.95,0,1,1,0,1,1,1,0,1,1,0,0,0,0,1,0
1,0,1,1,69,6480.9,0,0,1,0,0,1,0,1,1,0,0,1,1,0,0,1
0,0,0,0,26,1800.05,0,1,0,0,1,1,0,0,1,0,0,0,1,0,0,0
0,0,1,0,72,7104.2,0,1,1,0,1,1,1,1,0,0,0,1,1,0,0,0
0,0,0,0,70,4214.25,1,0,0,0,1,0,1,1,1,1,0,1,1,0,0,0
1,0,0,1,1,50.6,0,0,0,0,1,0,0,0,0,0,0,0,0,0,0,1
1,0,0,0,10,863.1,0,0,1,0,0,0,0,0,1,1,0,0,1,0,1,0
0,0,1,1,28,1992.2,0,0,1,0,0,0,0,0,0,0,1,0,1,0,0,0
1,0,0,0,1,69.8,0,0,1,0,0,0,0,0,0,0,0,0,1,0,1,0
0,0,1,0,21,1948.35,0,1,1,0,0,0,0,0,1,1,0,0,1,0,1,0
1,0,1,0,51,4750.95,0,1,1,0,1,0,1,0,1,0,0,0,1,0,0,0
0,0,1,1,53,1007.9,0,0,0,1,0,0,0,0,0,0,1,0,0,0,0,0
1,0,0,1,53,5036.9,0,0,1,0,1,1,1,0,0,1,1,0,0,0,1,0
1,0,1,0,24,2391.8,0,1,1,0,0,0,1,0,1,1,0,0,1,0,1,0
0,0,1,0,70,6859.05,0,1,0,0,1,1,1,1,1,1,0,1,1,1,0,0
1,0,0,0,61,6521.9,0,1,1,0,1,1,1,0,1,1,1,0,1,0,1,0
0,0,0,0,11,617.85,0,0,0,0,1,0,0,1,0,0,1,0,1,0,0,1
1,0,0,0,2,157.75,0,0,1,0,0,0,0,0,0,0,0,0,1,1,0,0
1,0,0,0,25,516.3,0,0,0,1,0,0,0,0,0,0,1,0,1,0,0,0
0,0,0,0,41,2364,0,1,0,0,0,1,0,0,0,0,1,0,1,1,0,0
1,0,1,0,18,1687.95,0,1,1,0,0,0,0,0,1,1,0,0,1,0,1,0
1,0,1,0,72,7689.95,0,1,1,0,0,1,1,0,1,1,0,1,1,0,0,0
0,0,1,1,71,6239.05,0,1,0,0,1,1,1,1,1,1,0,1,1,1,0,0
0,0,1,1,34,2042.05,0,0,0,0,1,1,1,0,0,0,1,0,1,0,0,1
1,0,0,0,29,2807.1,0,0,1,0,0,0,1,1,1,1,0,0,1,1,0,0
1,0,1,0,40,4116.8,0,0,1,0,1,1,1,1,1,0,1,0,1,1,0,0
1,0,1,0,36,1317.95,1,0,0,0,1,0,1,0,0,0,1,0,0,0,0,1
0,0,1,0,46,4594.65,0,1,1,0,0,1,0,1,1,1,1,0,1,0,1,0
0,0,0,0,58,6332.75,0,1,1,0,1,1,1,0,1,1,1,0,1,0,1,0
1,0,0,0,39,3213.75,0,1,1,0,0,1,0,0,0,0,1,0,0,1,0,0
1,0,1,1,4,229.55,0,0,0,0,0,0,0,1,0,1,0,0,0,1,0,0
0,0,1,1,52,4976.15,0,1,1,0,0,1,1,0,1,0,1,0,1,1,0,0
1,0,1,0,70,7308.95,0,1,1,0,0,1,1,0,1,1,1,0,1,0,1,0
1,0,1,0,65,4555.2,0,0,1,0,0,0,0,0,0,0,1,0,1,0,0,0
1,0,0,0,1,44.95,0,0,0,0,0,0,0,0,0,0,0,0,1,0,0,1
0,0,1,0,70,6982.5,0,1,1,0,0,0,1,0,1,1,1,0,1,0,1,0
0,0,1,1,29,1025.15,1,0,0,0,0,1,1,0,0,0,0,0,1,0,0,1
1,0,0,0,1,90.55,0,0,1,0,0,0,0,0,1,1,0,0,1,0,1,0
0,0,0,0,67,5714.2,0,1,0,0,1,0,1,1,1,1,0,1,1,0,0,1
0,0,0,0,1,19.5,0,0,0,1,0,0,0,0,0,0,0,0,1,0,0,1
0,0,0,0,26,2274.35,0,0,1,0,0,0,0,0,1,1,0,0,1,0,0,0
0,0,1,1,30,789.55,0,1,0,1,0,0,0,0,0,0,0,1,1,0,0,1
0,0,1,0,48,4834,0,0,1,0,0,0,1,1,1,1,0,0,1,1,0,0
0,0,1,1,55,3131.8,0,0,0,0,1,1,0,0,0,0,0,0,0,0,1,0
1,0,0,0,7,602.55,0,1,1,0,0,0,0,0,0,1,0,0,1,0,0,1
1,0,0,0,37,3369.25,0,1,1,0,1,0,0,0,1,0,0,0,1,0,1,0
0,0,1,0,31,2674.15,0,0,1,0,0,1,0,0,0,1,0,0,1,0,0,0
1,0,0,0,4,199.75,0,0,0,0,0,0,0,0,0,0,0,0,1,0,1,0
1,0,1,1,72,1790.8,0,1,0,1,0,0,0,0,0,0,0,1,1,1,0,0
1,0,0,0,5,449.75,0,0,1,0,0,0,0,0,1,1,0,0,1,0,1,0
1,0,1,1,1,19.7,0,0,0,1,0,0,0,0,0,0,0,0,0,0,0,1
0,0,0,0,15,1400.3,0,0,1,0,0,0,0,0,1,1,0,0,1,0,1,0
1,0,1,1,8,411.6,0,0,0,0,1,0,0,0,0,0,0,0,1,1,0,0
0,0,0,0,35,741,0,0,0,1,0,0,0,0,0,0,1,0,0,0,0,1
0,0,0,0,56,5841.35,0,1,1,0,0,1,1,0,1,1,0,0,0,0,1,0
1,0,1,0,42,4512.7,0,1,1,0,0,0,1,1,1,1,0,0,1,0,0,0
1,0,1,1,65,5688.45,0,1,1,0,1,1,0,0,0,0,0,0,1,0,1,0
0,0,1,1,2,31.9,0,0,0,1,0,0,0,0,0,0,1,0,0,0,0,1
1,0,1,0,65,6674.65,0,1,1,0,1,0,0,0,1,1,1,0,1,0,1,0
0,0,0,0,18,1345.75,0,1,1,0,0,0,0,0,0,0,0,0,1,0,1,0
0,0,0,0,23,1843.05,0,1,0,0,1,0,1,0,1,1,1,0,1,0,1,0
0,0,0,0,4,196.95,0,0,0,0,0,0,0,0,0,0,0,0,1,0,0,1
1,0,1,0,70,1433.8,0,0,0,1,0,0,0,0,0,0,0,1,0,1,0,0
0,0,0,0,4,214.55,0,1,0,0,0,0,0,0,0,0,0,0,0,0,1,0
1,0,0,0,19,865.85,0,0,0,0,0,0,0,0,0,0,0,0,1,0,0,0
0,0,0,0,18,1358.6,0,0,1,0,0,1,1,0,0,0,0,0,0,0,1,0
0,0,1,0,38,3147.15,0,0,1,0,1,0,0,0,0,1,0,0,1,0,1,0
1,0,0,0,2,131.05,0,1,1,0,0,0,0,0,0,0,0,0,1,1,0,0
1,0,0,0,47,4535.85,0,1,1,0,1,1,0,0,1,0,1,0,0,0,0,0
0,0,1,1,52,1078.75,0,0,0,1,0,0,0,0,0,0,0,1,0,0,0,0
1,0,0,0,9,542.4,0,1,0,0,0,0,0,0,0,1,0,0,0,0,0,1
0,0,1,0,26,2312.55,0,1,0,0,1,1,1,1,1,1,1,0,1,1,0,0
1,0,1,1,8,415.05,0,0,0,0,0,0,1,0,0,0,0,0,1,0,1,0
1,0,1,0,44,3250.45,0,0,0,0,0,1,1,1,1,0,1,0,1,0,1,0
0,0,0,0,3,98.5,1,0,0,0,0,1,0,0,0,0,0,0,0,0,0,1
1,0,0,0,2,87.9,0,0,0,0,0,0,0,0,0,0,0,0,1,0,0,0
0,0,1,1,9,754.65,0,1,1,0,0,0,0,0,1,0,0,0,1,0,0,0
1,0,0,0,1,75.35,0,1,1,0,0,0,0,0,0,0,0,0,1,0,1,0
1,0,0,0,25,1952.25,0,0,1,0,1,0,0,0,0,0,0,0,0,0,0,0
0,0,1,0,2,153.8,0,0,1,0,0,0,0,0,0,0,0,0,1,0,1,0
1,0,0,0,43,3198.6,0,0,1,0,1,0,0,0,0,0,0,0,1,0,1,0
0,0,0,0,1,20.9,0,0,0,1,0,0,0,0,0,0,0,0,0,0,0,1
0,0,1,0,58,5610.15,0,1,1,0,0,1,1,0,0,1,1,0,1,0,1,0
0,0,1,1,59,4519.5,0,1,0,0,1,0,1,1,1,0,0,1,1,0,0,1
1,0,0,0,44,2440.25,1,0,0,0,1,0,1,0,1,1,1,0,1,0,1,0
1,0,0,0,66,6860.6,0,1,1,0,0,1,0,1,1,1,1,0,1,0,1,0
1,0,1,1,68,1377.7,0,0,0,1,0,0,0,0,0,0,0,1,0,0,0,0
1,0,0,0,9,190.25,1,0,0,0,0,0,0,0,0,0,0,0,1,0,1,0
1,0,0,0,19,1651.95,0,1,1,0,1,0,1,0,0,0,0,0,1,0,1,0
1,0,0,0,4,78.3,0,0,0,1,0,0,0,0,0,0,0,0,0,0,0,1
0,0,0,0,70,7939.25,0,1,1,0,1,1,1,1,1,1,0,1,1,0,0,0
1,0,0,0,1,44.9,0,0,0,0,0,0,0,0,0,0,0,0,1,0,0,1
0,0,0,0,8,576.7,0,1,1,0,0,0,0,0,0,0,0,0,1,0,1,0
1,0,0,0,53,1279,0,1,0,1,0,0,0,0,0,0,0,1,0,0,0,1
1,0,0,0,51,1260.7,0,1,0,1,0,0,0,0,0,0,1,0,0,0,0,0
1,0,1,1,11,267.35,0,0,0,1,0,0,0,0,0,0,0,0,0,0,0,0
1,0,1,1,60,6586.85,0,1,1,0,1,0,1,1,1,1,0,1,1,0,1,0
1,0,0,0,17,934.15,0,0,0,0,1,1,0,0,0,0,0,0,1,1,0,0
1,0,0,0,3,123.65,0,0,0,0,0,0,0,0,0,0,0,0,1,0,1,0
1,0,1,0,70,7534.65,0,0,1,0,1,1,1,1,1,1,1,0,1,0,0,0
1,0,0,0,1,19.45,0,0,0,1,0,0,0,0,0,0,0,0,0,0,0,1
1,0,0,0,43,3645.6,0,1,1,0,0,0,0,0,1,0,0,0,1,0,1,0
0,0,1,0,16,314.45,0,0,0,1,0,0,0,0,0,0,0,0,0,0,0,1
0,0,1,1,57,3053,0,0,0,0,1,1,0,0,0,0,1,0,0,0,1,0
1,0,1,1,37,677.05,0,0,0,1,0,0,0,0,0,0,1,0,0,1,0,0
0,0,1,0,72,7965.95,0,1,1,0,1,1,1,1,1,1,0,1,0,1,0,0
0,0,0,0,11,906.85,0,1,1,0,0,0,0,0,0,1,0,0,1,1,0,0
0,0,1,0,50,4888.7,0,1,1,0,0,1,1,0,1,0,0,0,1,0,1,0
1,0,0,0,5,237.25,0,0,0,0,0,0,1,0,0,0,0,0,0,0,1,0
1,0,1,0,1,74.6,0,1,1,0,0,0,0,0,0,0,0,0,1,0,0,0
1,0,0,0,16,342.4,0,0,0,1,0,0,0,0,0,0,0,0,1,0,0,1
1,0,1,0,2,140.1,0,0,1,0,0,0,1,0,0,0,0,0,1,0,1,0
0,0,0,0,17,1108,0,1,0,0,0,0,1,1,1,0,0,0,1,0,0,1
0,0,0,0,16,295.55,0,0,0,1,0,0,0,0,0,0,1,0,0,1,0,0
0,0,0,0,15,892.65,0,0,0,0,0,0,1,0,0,1,0,0,1,0,1,0
0,0,0,0,10,198.25,0,0,0,1,0,0,0,0,0,0,1,0,1,0,0,1
0,0,0,1,46,4822.85,0,0,1,0,1,1,0,1,1,1,1,0,1,0,0,0
1,0,1,1,64,6741.15,0,1,1,0,0,1,1,1,1,1,0,1,1,1,0,0
0,0,0,0,1,79.15,0,1,1,0,0,1,0,0,0,0,0,0,1,0,0,1
1,0,1,1,25,1355.45,0,0,0,0,0,1,1,0,0,0,1,0,0,0,0,1
1,0,1,1,71,7209,0,0,1,0,1,1,1,1,1,0,0,1,0,1,0,0
1,0,0,0,8,438.4,0,0,0,0,0,0,0,0,0,0,0,0,1,0,0,1
0,0,1,1,72,7726.35,0,0,1,0,1,1,1,1,1,1,0,1,1,0,0,0
0,0,1,0,49,2070.75,1,0,0,0,1,0,0,0,1,0,0,0,0,0,0,0
1,0,1,1,29,1636.95,1,0,0,0,1,1,1,1,0,1,1,0,1,1,0,0
1,0,1,0,72,7581.5,0,1,1,0,1,1,1,1,0,1,0,1,0,0,0,0
1,0,1,0,31,3019.5,0,1,1,0,0,1,1,0,1,0,0,0,0,0,1,0
0,0,0,0,50,4729.75,0,1,1,0,0,0,0,0,1,1,0,0,1,0,1,0
1,0,1,0,71,6126.1,0,1,0,0,1,0,1,1,1,1,0,1,0,0,1,0
1,0,1,0,70,6333.4,0,1,0,0,1,1,1,1,1,1,0,1,0,1,0,0
1,0,0,0,71,6687.85,0,1,1,0,1,0,0,1,0,1,1,0,0,1,0,0
1,0,1,1,61,4158.25,0,0,0,0,1,1,1,1,0,0,0,1,1,0,0,0
1,0,0,0,32,3183.4,0,0,1,0,0,0,0,1,1,1,0,0,1,0,1,0
0,0,0,1,1,79.6,0,0,1,0,0,0,0,0,0,1,0,0,1,0,1,0
1,0,0,0,68,7149.35,0,1,1,0,1,1,1,0,0,1,0,1,1,0,0,0
1,0,0,0,62,1429.65,0,1,0,1,0,0,0,0,0,0,0,1,0,0,0,0
0,0,0,1,7,472.65,0,0,1,0,0,0,0,0,0,0,0,0,1,0,1,0
1,0,0,0,20,1734.5,0,1,1,0,0,0,0,0,1,0,0,0,1,0,1,0
1,0,1,1,6,113.5,0,0,0,1,0,0,0,0,0,0,1,0,0,0,0,1
0,0,0,0,33,1884.65,1,0,0,0,1,1,1,0,1,1,0,0,1,0,0,0
1,0,1,1,28,2568.15,0,1,1,0,0,0,0,0,1,1,1,0,0,0,0,0
1,0,0,0,27,470,0,0,0,1,0,0,0,0,0,0,0,1,0,1,0,0
1,0,0,0,7,278.4,0,0,0,0,0,0,0,0,0,0,0,0,0,0,0,1
1,0,0,0,26,2088.8,0,1,1,0,0,0,0,1,0,0,0,0,1,0,1,0
1,0,0,0,5,502.6,0,1,1,0,0,1,0,0,0,1,0,0,1,0,1,0
1,0,0,0,30,2595.85,0,1,1,0,1,0,0,0,0,1,0,0,1,1,0,0
1,0,0,0,63,5825.5,0,1,1,0,0,1,0,0,0,1,1,0,0,1,0,0
1,0,0,0,1,50.75,0,0,0,0,0,1,0,0,0,0,0,0,1,0,1,0
0,0,0,1,53,4449.75,0,1,0,0,0,1,1,1,1,1,1,0,1,0,1,0
0,0,1,1,14,1208.35,0,0,1,0,0,1,0,1,0,1,0,0,1,1,0,0
0,0,0,0,21,1956.4,0,0,1,0,0,1,0,1,1,1,0,0,1,0,0,0
1,0,0,0,17,310.6,0,0,0,1,0,0,0,0,0,0,1,0,0,0,0,1
1,0,1,1,16,290.55,0,0,0,1,0,0,0,0,0,0,0,1,0,0,0,1
0,0,0,0,35,2096.1,0,0,0,0,0,0,1,0,0,1,0,0,1,0,1,0
0,0,0,0,32,2665,0,0,1,0,0,0,0,0,0,1,0,0,1,0,1,0
0,0,1,1,28,543.8,0,0,0,1,0,0,0,0,0,0,0,0,1,0,0,0
0,0,0,0,1,20.35,0,0,0,1,0,0,0,0,0,0,0,0,1,0,0,1
1,0,0,0,59,3005.8,1,0,0,0,0,0,0,1,1,1,0,0,1,0,1,0
0,0,1,1,72,1623.15,0,1,0,1,0,0,0,0,0,0,1,0,1,0,0,0
1,0,0,0,36,2498.4,0,0,0,0,0,1,0,1,0,1,1,0,1,0,0,1
0,0,0,0,40,2586,0,0,0,0,1,1,0,0,1,0,0,0,0,0,0,1
1,0,1,1,40,3292.3,0,1,1,0,0,0,1,0,0,0,0,0,1,0,1,0
0,0,0,1,9,651.4,0,0,0,0,0,0,1,1,1,1,0,0,1,0,0,1
1,0,1,1,63,4674.55,0,0,0,0,1,1,1,1,1,0,0,1,0,1,0,0
0,0,0,0,3,232.35,0,0,1,0,0,0,0,0,1,0,0,0,1,0,1,0
1,0,1,1,40,2448.5,1,0,0,0,0,1,1,1,1,1,1,0,0,0,0,1
1,0,1,0,8,658.1,0,0,1,0,1,0,0,0,0,0,0,0,1,0,0,1
1,0,1,0,34,3128.8,0,0,1,0,1,0,0,1,1,0,1,0,0,0,0,1
1,0,0,0,5,223.45,1,0,0,0,1,0,1,1,0,0,0,0,0,0,0,1
1,0,0,0,9,919.4,0,1,1,0,0,1,0,0,1,1,0,0,1,1,0,0
1,0,1,0,9,653.95,0,1,0,0,0,1,1,0,0,1,0,0,1,1,0,0
1,0,1,1,31,1825.5,0,1,0,0,0,0,0,0,0,1,0,0,0,0,0,0
0,0,1,0,50,943.1,0,0,0,1,0,0,0,0,0,0,1,0,1,0,0,0
0,0,0,0,2,181.65,0,0,1,0,1,1,0,1,0,0,0,0,1,0,1,0
0,0,0,0,1,45.65,0,0,0,0,0,0,0,0,0,0,0,0,1,0,1,0
1,0,0,0,8,551.35,0,0,1,0,0,0,0,0,0,0,0,0,1,0,0,1
0,0,0,0,9,359.4,1,0,0,0,0,1,0,0,0,1,0,0,0,0,1,0
0,0,0,0,2,115.95,0,0,1,0,0,0,0,0,0,0,0,0,1,0,0,0
0,0,0,0,3,165.2,0,0,0,0,1,1,0,0,0,0,0,0,0,0,1,0
1,0,1,0,25,2338.35,0,0,1,0,0,0,0,1,1,1,0,0,1,1,0,0
1,0,0,0,1,46.3,0,0,0,0,0,0,0,0,0,0,0,0,0,0,1,0
0,0,1,1,45,3541.1,0,1,0,0,1,1,1,1,1,0,0,0,0,0,0,1
1,0,1,1,51,4146.05,0,1,1,0,0,1,1,0,0,0,0,0,1,0,1,0
0,0,1,1,55,1087.25,0,0,0,1,0,0,0,0,0,0,0,0,0,1,0,0
0,0,0,0,38,2522.4,0,1,0,0,1,1,1,0,0,0,0,0,1,0,0,0
1,0,0,0,2,81,0,0,0,0,0,0,0,0,0,0,0,0,0,0,0,1
1,0,1,1,38,717.3,0,0,0,1,0,0,0,0,0,0,0,0,0,0,1,0
1,0,0,0,34,1734.2,0,0,0,0,0,1,0,0,0,0,0,0,1,0,1,0
0,0,1,0,70,7069.3,0,1,1,0,0,0,1,0,1,1,1,0,1,0,1,0
0,0,0,0,13,742.9,0,0,0,0,1,0,0,1,0,0,1,0,0,0,0,1
1,0,0,0,39,3017.65,0,1,1,0,0,0,0,0,0,0,0,0,0,0,1,0
0,0,0,0,61,6423,0,1,1,0,0,1,1,0,1,1,1,0,1,0,1,0
0,0,0,0,12,1164.3,0,1,1,0,0,0,1,0,1,1,0,0,1,0,0,0
1,0,0,0,41,4220.35,0,0,1,0,0,1,0,1,1,1,0,1,1,1,0,0
1,0,0,0,21,1558.7,0,1,1,0,0,0,0,0,0,0,0,0,1,0,1,0
1,0,0,0,55,2743.45,1,0,0,0,0,0,1,0,1,1,1,0,1,0,0,0
1,0,1,0,69,4055.5,1,0,0,0,1,0,1,1,1,1,0,1,0,0,0,0
1,0,1,1,26,2710.25,0,1,1,0,0,1,1,0,1,1,0,0,0,0,1,0
0,0,1,0,69,6055.55,0,0,1,0,1,1,0,0,0,1,1,0,0,1,0,0
0,0,1,0,18,810.7,1,0,0,0,0,0,1,0,1,1,0,0,1,0,1,0
1,0,1,1,47,2538.2,0,1,0,0,0,1,0,0,0,0,0,0,0,0,1,0
0,0,1,1,72,6129.2,0,0,0,0,1,1,1,1,1,1,0,1,0,0,0,0
1,0,1,0,33,1750.85,1,0,0,0,0,1,1,1,1,0,0,0,1,0,1,0
0,0,1,1,2,36.55,1,0,0,0,0,0,0,0,0,0,0,0,1,0,0,1
0,0,1,1,72,6652.45,0,1,0,0,1,1,1,1,1,1,0,1,0,1,0,0
1,0,1,0,37,2575.45,0,0,1,0,0,0,0,0,0,0,0,0,1,0,0,0
0,0,1,1,62,6019.35,0,1,1,0,0,1,1,0,0,1,0,0,1,1,0,0
0,0,1,0,71,1379.6,0,0,0,1,0,0,0,0,0,0,0,1,0,1,0,0
1,0,0,1,23,1284.2,0,0,0,0,0,1,0,1,0,0,0,0,1,0,0,0
0,0,0,0,16,296.15,0,0,0,1,0,0,0,0,0,0,1,0,0,0,0,1
1,0,0,0,9,653.25,0,0,0,0,1,0,1,1,1,0,0,0,1,0,0,1
1,0,1,1,17,412.6,0,1,0,1,0,0,0,0,0,0,0,1,1,0,0,1
0,0,0,0,4,85.5,0,0,0,1,0,0,0,0,0,0,0,0,0,0,0,0
0,0,1,0,1,49.55,0,0,0,0,1,0,0,0,0,0,0,0,1,0,1,0
0,0,1,0,24,1928.7,0,1,1,0,0,0,1,0,0,0,0,0,1,0,0,1
0,0,0,0,1,71.25,0,0,1,0,0,0,0,0,0,0,0,0,1,0,1,0
1,0,0,0,72,7845.8,0,1,1,0,1,1,1,1,1,1,0,1,0,0,0,0
0,0,1,0,72,1750.7,0,1,0,1,0,0,0,0,0,0,0,1,0,0,1,0
0,0,0,1,11,216.2,0,0,0,1,0,0,0,0,0,0,0,0,0,1,0,0
1,0,0,0,9,178.5,0,0,0,1,0,0,0,0,0,0,0,0,0,0,0,1
0,0,1,0,2,115.1,0,0,0,0,0,1,0,0,0,0,0,0,0,1,0,0
0,0,1,0,60,6029,0,1,1,0,0,0,1,0,1,1,1,0,1,1,0,0
1,0,1,0,29,2745.2,0,1,1,0,0,1,1,0,0,1,0,0,1,0,1,0
0,0,0,0,49,3721.9,0,0,0,0,0,0,1,1,1,1,0,1,1,0,0,0
0,0,0,0,30,3121.1,0,1,1,0,0,1,1,0,1,1,0,0,1,0,1,0
0,0,1,0,53,990.45,0,0,0,1,0,0,0,0,0,0,1,0,0,1,0,0
1,0,0,1,39,1004.35,0,1,0,1,0,0,0,0,0,0,0,1,0,0,0,1
0,0,0,0,9,157.65,0,0,0,1,0,0,0,0,0,0,0,0,0,0,0,1
1,0,0,0,39,3219.75,0,0,1,0,0,0,1,1,0,0,1,0,0,0,1,0
1,0,0,0,8,572.85,0,0,1,0,0,0,0,0,0,0,0,0,1,0,1,0
0,0,1,1,51,4554.85,0,1,1,0,0,0,1,0,0,1,1,0,1,0,1,0
1,0,1,1,71,1847.55,0,1,0,1,0,0,0,0,0,0,0,1,0,1,0,0
1,0,0,0,71,1766.75,0,1,0,1,0,0,0,0,0,0,0,1,1,0,0,1
0,0,1,0,70,1462.05,0,0,0,1,0,0,0,0,0,0,0,1,1,1,0,0
0,0,0,0,1,25.25,1,0,0,0,0,0,0,0,0,0,0,0,0,0,1,0
1,0,1,0,38,2193.2,1,0,0,0,1,1,0,1,1,1,0,1,1,0,0,0
0,0,1,0,28,2433.5,0,0,1,0,0,1,1,0,0,1,0,0,0,1,0,0
0,0,1,0,32,641.15,0,0,0,1,0,0,0,0,0,0,0,0,0,0,0,0
1,0,1,0,49,2398.4,0,0,0,0,0,1,0,0,0,0,0,1,0,0,0,1
0,0,1,1,37,861.85,0,1,0,1,0,0,0,0,0,0,0,1,1,0,0,0
0,0,0,0,10,583,0,0,0,0,0,0,1,1,0,0,0,0,0,0,1,0
1,0,1,0,67,7332.4,0,1,1,0,1,1,1,0,1,1,1,0,0,1,0,0
1,0,0,0,7,249.55,1,0,0,0,0,0,1,1,0,0,1,0,1,1,0,0
0,0,0,0,51,4475.9,0,0,1,0,0,0,0,0,1,1,1,0,0,1,0,0
0,0,0,0,9,416.45,0,0,0,0,0,0,0,0,0,0,0,0,0,0,1,0
0,0,0,0,9,788.6,0,0,1,0,0,0,0,0,1,1,0,0,1,0,0,1
1,0,0,0,4,202.3,0,0,0,0,0,0,0,1,0,0,0,0,1,0,0,1
1,0,1,0,71,6994.6,0,1,1,0,1,1,1,0,1,0,0,1,1,0,1,0
0,0,1,1,50,4116.15,0,1,1,0,0,0,0,0,1,0,0,0,1,0,0,0
0,0,1,1,24,2263.45,0,0,1,0,0,0,1,0,1,1,0,1,1,0,1,0
1,0,1,0,22,1374.35,0,0,0,0,1,0,0,0,1,0,1,0,1,0,0,0
1,0,0,0,44,4915.15,0,1,1,0,1,1,1,0,1,1,0,0,1,0,1,0
0,0,1,1,33,838.5,0,1,0,1,0,0,0,0,0,0,0,0,0,0,0,0
0,0,0,0,1,75.1,0,1,1,0,0,0,0,0,0,0,0,0,1,0,1,0
0,0,1,0,54,3715.65,0,1,0,0,0,0,0,0,1,1,1,0,1,1,0,0
1,0,0,0,42,4273.45,0,1,1,0,0,1,0,0,1,1,0,0,1,0,1,0
0,0,0,0,1,45.8,0,0,0,0,0,0,0,0,0,0,0,0,0,0,1,0
0,0,0,0,1,20.5,0,0,0,1,0,0,0,0,0,0,0,0,0,0,0,1
1,0,0,0,30,2044.75,0,0,0,0,1,1,0,1,1,0,1,0,0,0,1,0
0,0,0,0,1,30.55,1,0,0,0,0,0,0,1,0,0,0,0,0,0,0,1
1,0,1,1,16,1398.25,0,1,0,0,1,1,0,1,1,1,0,0,0,0,1,0
1,0,0,0,1,20.1,0,0,0,1,0,0,0,0,0,0,0,0,1,0,0,1
1,0,1,0,9,328.95,1,0,0,0,0,0,0,1,1,0,0,0,0,0,0,1
1,0,1,0,46,4680.05,0,1,1,0,0,0,1,0,1,1,0,0,1,0,1,0
1,0,0,0,1,69.1,0,0,1,0,0,0,0,0,0,0,0,0,1,0,1,0
1,0,1,0,71,3778.2,0,0,0,0,1,0,0,1,0,0,0,1,0,0,0,0
1,0,0,0,43,3161.4,0,1,1,0,0,0,0,0,0,0,0,0,1,1,0,0
1,0,1,0,50,2188.45,1,0,0,0,1,0,0,1,1,0,1,0,1,0,0,0
0,0,0,0,13,999.45,0,1,1,0,0,0,0,0,0,0,0,0,1,0,0,1
1,0,1,1,19,1888.65,0,0,1,0,0,1,0,1,1,1,1,0,0,0,0,0
0,0,0,0,41,3990.6,0,1,1,0,0,0,1,0,1,1,0,0,0,0,0,0
0,0,0,0,1,71.15,0,0,1,0,0,0,0,0,0,0,0,0,1,0,1,0
0,0,0,0,24,1240.25,1,0,0,0,0,1,1,0,1,1,0,0,1,1,0,0
0,0,1,0,40,2635,0,1,0,0,0,1,0,0,1,0,1,0,0,0,0,0
0,0,1,1,3,235,0,1,0,0,0,1,1,0,1,0,0,0,1,0,0,0
0,0,0,0,37,2347.85,0,1,0,0,1,0,0,0,1,0,1,0,0,0,0,0
0,0,1,1,67,7156.2,0,1,1,0,1,0,1,1,1,1,0,1,1,1,0,0
0,0,1,1,32,3089.6,0,1,1,0,0,1,0,0,1,1,0,0,1,0,1,0
0,0,1,0,6,270.8,0,0,0,0,0,0,0,1,0,0,0,0,1,0,1,0
0,0,1,1,32,2901.8,0,1,1,0,1,0,0,0,1,0,0,0,0,0,1,0
0,0,0,0,59,4949.1,0,1,1,0,0,1,1,0,0,0,0,0,1,0,1,0
0,0,1,0,30,2198.9,0,0,0,0,0,1,1,1,0,1,1,0,0,0,0,0
1,0,0,1,20,374.5,0,0,0,1,0,0,0,0,0,0,0,0,1,0,1,0
0,0,1,1,27,761.95,0,1,0,1,0,0,0,0,0,0,0,1,0,0,1,0
0,0,0,0,20,1520.9,0,1,1,0,1,0,0,0,0,0,0,0,1,0,1,0
1,0,0,1,9,190.25,0,0,0,1,0,0,0,0,0,0,1,0,0,0,0,1
0,0,1,1,68,5163,0,1,0,0,1,1,1,0,1,0,1,0,1,1,0,0
0,0,1,1,69,4059.85,0,1,0,0,1,0,0,1,0,0,0,1,0,1,0,0
1,0,0,0,26,2281.6,0,1,1,0,0,0,1,1,0,0,0,0,1,0,0,1
1,0,1,1,69,1356.7,0,0,0,1,0,0,0,0,0,0,0,1,0,0,0,0
1,0,0,0,11,231.45,0,0,0,1,0,0,0,0,0,0,0,1,0,0,0,1
1,0,0,0,1,50.75,0,1,0,0,0,0,0,0,0,0,0,0,0,0,0,1
1,0,1,1,10,242.4,0,0,0,1,0,0,0,0,0,0,1,0,0,0,0,1
0,0,1,1,55,4264.25,0,1,0,0,1,1,0,1,0,1,1,0,1,0,0,0
1,0,0,0,44,2774.55,0,0,0,0,1,0,0,1,1,0,1,0,0,0,1,0
1,0,1,0,46,3605.2,0,0,1,0,0,0,0,0,0,1,0,0,1,0,1,0
1,0,1,1,69,4069.9,0,0,0,0,1,1,1,0,0,0,0,1,1,0,0,0
1,0,0,0,11,874.2,0,0,1,0,0,0,0,0,0,1,0,0,1,0,1,0
0,0,1,0,11,1145.35,0,1,1,0,0,1,0,0,1,1,0,0,1,0,1,0
1,0,0,0,29,1323.7,0,0,0,0,0,0,1,0,0,0,0,0,0,0,0,0
0,0,1,0,57,5497.05,0,1,1,0,1,0,0,0,1,1,0,0,1,0,1,0
1,0,0,0,28,534.7,0,0,0,1,0,0,0,0,0,0,1,0,0,1,0,0
0,0,0,0,42,2455.05,0,0,0,0,1,0,1,0,0,0,0,0,0,1,0,0
0,0,0,0,2,38.7,0,0,0,1,0,0,0,0,0,0,0,0,0,0,0,1
1,0,0,1,23,947.4,1,0,0,0,1,1,0,1,0,0,1,0,0,0,0,0
0,0,1,1,18,357,0,0,0,1,0,0,0,0,0,0,0,0,0,0,0,1
1,0,1,1,62,1476.25,0,1,0,1,0,0,0,0,0,0,1,0,0,0,0,0
0,0,0,0,1,70.8,0,0,1,0,0,0,0,0,0,0,0,0,1,0,0,1
1,0,0,0,16,1448.6,0,1,1,0,0,0,0,1,0,1,0,0,1,1,0,0
0,0,0,0,3,291.9,0,1,1,0,0,0,0,0,1,1,0,0,1,0,1,0
1,0,0,0,67,5903.15,0,1,0,0,1,1,1,1,1,1,1,0,1,0,0,0
1,0,0,0,62,1201.65,0,0,0,1,0,0,0,0,0,0,0,1,1,1,0,0
0,0,1,0,57,5921.35,0,1,1,0,0,1,1,0,1,1,0,0,1,1,0,0
1,0,0,0,2,146.65,0,0,1,0,0,0,0,0,0,0,0,0,1,0,1,0
0,0,1,1,23,1759.4,0,1,0,0,1,0,1,1,1,0,0,1,1,0,0,0
0,0,0,1,25,844.45,1,0,0,0,1,0,0,1,0,0,0,1,0,0,0,0
0,0,0,0,72,7774.05,0,1,1,0,0,1,1,1,1,1,0,1,1,0,0,0
0,0,1,0,2,134.05,0,1,1,0,0,0,0,0,1,0,0,0,1,0,1,0
0,0,0,0,8,140.95,0,0,0,1,0,0,0,0,0,0,1,0,1,0,0,0
0,0,0,0,5,249.95,0,1,0,0,0,0,0,0,0,0,0,0,1,0,0,1
1,0,0,0,35,1701.65,1,0,0,0,0,0,1,0,1,1,0,0,0,0,1,0
1,0,0,0,24,592.65,0,1,0,1,0,0,0,0,0,0,1,0,0,0,1,0
0,0,1,1,2,135.75,0,0,1,0,0,0,0,0,0,0,0,0,1,0,1,0
1,0,1,1,72,7732.65,0,1,1,0,1,1,1,1,0,1,0,1,1,1,0,0
0,0,0,0,41,4282.4,0,1,1,0,1,1,1,1,1,0,0,0,1,0,1,0
1,0,0,1,4,219.65,0,0,0,0,1,0,0,0,0,0,0,0,0,0,1,0
1,0,0,0,26,2018.1,0,0,1,0,0,1,0,0,0,0,1,0,0,0,0,0
1,0,0,0,7,669,0,0,1,0,0,1,0,0,1,1,0,0,1,0,1,0
0,0,1,0,1,68.95,0,0,1,0,0,0,0,0,0,0,0,0,1,0,1,0
0,0,1,1,4,224.85,0,1,0,0,0,1,0,1,0,0,0,0,1,0,0,1
1,0,0,0,48,3771.5,0,0,0,0,0,1,1,1,1,1,0,1,0,1,0,0
1,0,0,0,2,196.75,0,1,1,0,0,0,0,0,1,1,0,0,1,0,1,0
0,0,1,0,12,943.85,0,0,0,0,1,0,1,1,1,1,1,0,1,0,1,0
1,0,1,0,60,6572.85,0,1,1,0,1,0,1,1,1,1,0,0,1,0,0,0
1,0,0,0,55,3175.85,0,0,0,0,1,0,1,1,0,0,0,1,1,0,1,0
1,0,0,0,1,29.15,1,0,0,0,0,0,0,1,0,0,0,0,0,0,0,1
1,0,0,0,1,20.05,0,0,0,1,0,0,0,0,0,0,0,0,0,0,0,1
1,0,0,0,4,318.9,0,1,1,0,0,0,0,0,0,0,0,0,1,0,1,0
1,0,0,0,1,24.45,1,0,0,0,0,0,0,0,0,0,0,0,1,0,0,1
0,0,0,0,42,2762.75,0,0,0,0,0,0,1,1,0,1,0,1,0,1,0,0
0,0,0,0,1,49.55,0,0,0,0,1,0,0,0,0,0,0,0,0,0,0,0
1,0,0,0,7,631.85,0,1,1,0,0,0,1,0,1,0,0,0,1,1,0,0
1,0,0,0,3,232.5,0,0,1,0,0,0,1,0,0,0,0,0,1,1,0,0
0,0,1,0,72,5919.35,0,1,0,0,1,1,1,0,1,1,0,1,1,1,0,0
1,0,0,0,15,749.25,0,1,0,0,0,0,0,0,0,0,0,0,1,0,1,0
1,0,1,0,4,307.4,0,0,1,0,0,0,0,0,1,0,0,0,1,0,1,0
0,0,0,0,11,245.15,0,1,0,1,0,0,0,0,0,0,1,0,0,0,1,0
0,0,0,0,5,134.75,0,1,0,1,0,0,0,0,0,0,0,0,0,0,0,1
0,0,0,0,1,55.8,0,0,0,0,1,0,1,0,0,0,0,0,1,0,1,0
1,0,1,0,72,8240.85,0,1,1,0,1,0,1,1,1,1,0,1,1,1,0,0
0,0,1,0,55,4266.4,0,1,1,0,0,1,0,0,0,0,0,0,1,1,0,0
0,0,1,1,40,1077.5,0,1,0,1,0,0,0,0,0,0,0,0,1,0,1,0
0,0,1,0,57,1115.6,0,0,0,1,0,0,0,0,0,0,0,1,0,0,0,0
1,0,0,0,1,79.05,0,0,1,0,0,0,0,0,1,0,0,0,1,0,1,0
1,0,1,0,1,95,0,0,1,0,1,0,0,0,1,1,0,0,1,0,1,0
0,0,0,0,1,25.2,1,0,0,0,0,0,0,0,0,0,0,0,0,0,0,1
1,0,1,1,52,4079.55,0,1,0,0,0,1,1,0,1,1,1,0,1,0,1,0
1,0,0,0,41,4187.75,0,1,1,0,0,0,1,0,1,1,0,0,1,0,1,0
1,0,1,0,43,2391.15,0,0,0,0,0,0,0,0,1,0,1,0,1,0,0,1
0,0,1,1,47,890.5,0,0,0,1,0,0,0,0,0,0,0,1,0,0,0,0
1,0,0,0,3,137.25,0,1,0,0,0,0,0,0,0,0,0,0,0,0,0,0
1,0,1,1,66,5154.6,0,1,0,0,1,1,1,1,1,0,0,1,0,1,0,0
1,0,1,1,55,3119.9,0,0,0,0,0,0,1,1,0,0,0,1,1,1,0,0
1,0,0,0,29,529.5,0,0,0,1,0,0,0,0,0,0,1,0,0,0,0,1
0,0,0,1,12,966.55,0,1,1,0,0,0,0,0,1,0,0,0,1,0,1,0
0,0,1,0,66,6936.85,0,1,1,0,0,1,1,0,1,1,0,0,1,0,1,0
1,0,0,0,35,3496.3,0,1,1,0,0,0,1,0,1,1,0,0,1,0,1,0
1,0,1,0,10,914.3,0,1,1,0,0,0,1,0,0,1,0,0,1,0,1,0
1,0,1,1,27,1929,0,1,1,0,0,0,0,0,0,0,0,0,1,0,0,0
0,0,0,0,58,5817.7,0,0,1,0,0,0,0,1,1,1,0,0,1,0,1,0
1,0,1,0,54,6110.2,0,0,1,0,1,1,1,1,1,1,0,1,0,0,0,0
1,0,0,0,9,178.8,0,0,0,1,0,0,0,0,0,0,0,0,0,0,0,1
1,0,0,0,2,28.3,0,0,0,1,0,0,0,0,0,0,1,0,0,1,0,0
1,0,0,0,6,435,0,0,1,0,0,0,0,0,0,0,0,0,1,0,1,0
0,0,0,0,26,2351.8,0,0,1,0,0,0,0,0,1,1,0,0,1,0,1,0
0,0,0,0,9,186.15,0,0,0,1,0,0,0,0,0,0,0,0,0,0,0,1
1,0,1,0,8,445.85,0,0,0,0,0,1,1,0,0,0,0,0,1,0,0,1
1,0,0,0,12,912,0,0,1,0,0,0,0,0,1,0,0,0,1,0,1,0
0,0,0,0,15,679.55,0,1,0,0,0,0,0,0,0,0,0,0,1,0,1,0
1,0,1,0,43,3581.6,0,1,0,0,1,0,1,0,1,1,1,0,1,0,1,0
1,0,0,0,42,4222.95,0,1,1,0,0,0,0,1,1,1,0,0,1,0,1,0
0,0,0,0,31,1994.3,0,1,0,0,1,0,1,1,0,0,0,0,0,1,0,0
0,0,0,1,66,5930.05,0,1,1,0,1,0,1,1,0,0,0,1,1,1,0,0
0,0,0,0,18,1505.85,0,1,1,0,0,1,0,1,0,0,0,0,1,0,1,0
1,0,0,0,1,20,0,0,0,1,0,0,0,0,0,0,0,0,0,0,0,1
1,0,1,0,61,5638.3,0,1,1,0,0,1,0,1,1,0,0,1,1,0,1,0
1,0,0,0,10,797.25,0,1,1,0,0,1,0,0,0,0,0,0,0,0,1,0
1,0,0,0,1,71.65,0,0,1,0,0,0,0,0,0,0,0,0,1,0,1,0
0,0,0,0,18,1359.45,0,0,1,0,0,1,0,0,0,0,0,0,1,0,1,0
1,0,1,0,24,2542.45,0,1,1,0,0,1,1,0,1,1,0,0,1,0,1,0
0,0,1,1,3,54.7,0,0,0,1,0,0,0,0,0,0,0,0,0,0,0,1
1,0,0,0,50,989.05,0,0,0,1,0,0,0,0,0,0,1,0,0,1,0,0
1,0,1,1,1,44.55,0,0,0,0,0,0,0,0,0,0,0,0,0,0,1,0
1,0,0,0,2,87.3,0,0,0,0,1,0,0,1,0,0,0,0,1,0,0,1
1,0,0,0,17,351.55,0,0,0,1,0,0,0,0,0,0,1,0,1,0,0,0
1,0,1,1,69,7297.75,0,1,1,0,0,1,1,0,1,1,0,1,1,0,1,0
1,0,1,0,72,6301.7,0,1,0,0,1,1,1,1,1,1,0,1,1,1,0,0
0,0,0,0,3,210.3,0,1,1,0,0,0,0,0,0,0,0,0,1,0,1,0
1,0,1,1,50,3822.45,0,1,0,0,1,1,1,0,0,1,0,1,1,0,0,0
0,0,0,0,53,1048.45,0,0,0,1,0,0,0,0,0,0,0,1,0,0,0,1
0,0,1,0,58,6393.65,0,1,1,0,1,1,0,1,1,1,0,1,1,1,0,0
1,0,0,0,46,1489.3,1,0,0,0,1,0,0,0,0,0,1,0,1,0,0,0
1,0,1,0,72,8061.5,0,1,1,0,1,1,1,1,1,1,0,0,1,1,0,0
0,0,0,0,1,74.2,0,1,1,0,0,0,0,0,0,0,0,0,1,0,1,0
0,0,1,1,6,518.75,0,1,1,0,0,1,1,0,1,0,0,0,1,0,0,1
1,0,1,0,72,5763.15,0,1,0,0,1,1,1,1,0,1,0,1,0,0,0,0
1,0,0,0,4,238.5,0,0,0,0,0,0,0,0,0,1,0,0,1,0,0,1
0,0,1,1,52,1031.7,0,0,0,1,0,0,0,0,0,0,0,1,0,0,0,1
0,0,0,0,2,34.8,0,0,0,1,0,0,0,0,0,0,1,0,0,0,0,1
0,0,1,0,65,1319.95,0,0,0,1,0,0,0,0,0,0,0,1,0,0,0,0
1,0,1,0,43,4388.4,0,1,1,0,0,1,0,0,1,1,0,0,1,0,1,0
1,0,1,0,4,420.2,0,1,1,0,0,1,0,0,1,1,0,0,1,0,1,0
1,0,1,0,25,2177.45,0,1,1,0,1,0,0,0,0,1,1,0,1,0,1,0
0,0,1,0,51,3950.85,0,1,0,0,0,1,0,1,1,1,1,0,1,1,0,0
1,0,0,0,12,827.05,0,1,0,0,0,0,1,0,1,1,0,0,0,0,0,0
0,0,1,1,57,3913.3,0,0,0,0,1,0,0,0,1,1,1,0,1,0,0,0
0,0,1,1,24,533.5,0,0,0,1,0,0,0,0,0,0,1,0,0,0,0,1
0,0,1,0,64,3756.45,0,1,0,0,0,0,1,1,0,0,1,0,0,0,0,0
0,0,0,0,4,443.9,0,0,1,0,0,1,1,1,1,1,1,0,1,0,1,0
0,0,0,0,26,2599.95,0,1,1,0,0,0,1,0,1,1,0,0,1,0,0,0
0,0,1,1,15,284.3,0,0,0,1,0,0,0,0,0,0,0,0,0,0,0,1
1,0,1,0,64,1740.8,0,1,0,1,0,0,0,0,0,0,0,1,0,1,0,0
1,0,1,0,36,3436.1,0,1,1,0,0,1,0,0,1,1,0,0,1,0,1,0
0,0,1,0,27,2462.55,0,1,1,0,0,0,0,0,1,1,0,0,0,1,0,0
1,0,1,0,1,70.85,0,0,1,0,0,0,0,0,0,0,0,0,0,0,0,1
0,0,0,0,35,3110.1,0,1,0,0,1,0,1,1,1,1,1,0,1,1,0,0
1,0,0,0,4,280.85,0,0,1,0,0,0,1,0,0,0,0,0,1,0,1,0
0,0,1,1,8,411.75,0,0,0,0,0,0,0,0,0,0,0,0,1,0,1,0
1,0,0,0,10,198.6,0,0,0,1,0,0,0,0,0,0,0,0,1,1,0,0
0,0,0,0,2,103.7,0,0,0,0,0,1,0,0,0,0,0,0,0,0,0,1
0,0,1,0,58,6144.55,0,1,1,0,1,1,1,0,1,1,0,1,1,0,0,0
1,0,1,0,51,4089.45,0,0,0,0,1,1,1,1,1,1,0,1,1,1,0,0
0,0,1,1,46,864.2,0,0,0,1,0,0,0,0,0,0,0,1,1,0,0,1
1,0,0,0,1,19.65,0,0,0,1,0,0,0,0,0,0,0,0,1,0,0,0
1,0,0,0,46,3249.4,0,1,1,0,0,0,0,0,0,0,0,0,0,0,0,0
0,0,1,0,50,5405.8,0,1,1,0,1,1,0,1,1,1,0,0,1,0,0,0
1,0,1,1,53,3363.8,0,0,0,0,0,1,0,1,1,0,0,0,0,1,0,0
1,0,1,0,61,7132.15,0,1,1,0,0,1,1,1,1,1,0,0,1,0,1,0
1,0,0,0,5,93.55,0,0,0,1,0,0,0,0,0,0,0,0,0,0,0,0
1,0,0,0,47,4138.9,0,0,0,0,1,1,1,1,1,1,1,0,1,0,0,0
0,0,0,0,54,5121.75,0,1,1,0,0,1,1,0,1,0,1,0,1,0,0,0
1,0,0,1,19,566.1,1,0,0,0,0,0,0,0,0,0,0,0,1,1,0,0
0,0,0,1,26,2715.3,0,0,1,0,0,1,1,1,1,1,0,1,1,0,1,0
1,0,1,1,70,1782.05,0,1,0,1,0,0,0,0,0,0,0,1,0,0,0,1
1,0,1,0,17,1742.5,0,1,1,0,0,1,1,0,1,1,0,0,1,0,1,0
0,0,0,0,30,2983.8,0,1,1,0,0,1,0,0,1,1,0,0,1,0,1,0
0,0,0,1,1,24,0,1,0,1,0,0,0,0,0,0,0,0,0,0,0,1
0,0,1,1,19,485.9,0,1,0,1,0,0,0,0,0,0,0,1,0,0,0,1
0,0,1,0,26,1905.7,0,0,0,0,0,1,1,0,1,1,0,1,1,1,0,0
0,0,1,1,21,1565.7,0,0,1,0,0,1,0,0,0,0,0,0,1,0,0,0
1,0,1,0,50,4858.7,0,1,1,0,0,1,0,0,1,1,1,0,1,0,1,0
0,0,1,0,68,3723.65,1,0,0,0,1,0,1,0,1,1,1,0,1,0,1,0
1,0,0,0,3,298.35,0,1,1,0,0,0,1,0,1,1,0,0,1,0,0,0
1,0,1,1,9,970.45,0,0,1,0,0,0,1,1,1,1,0,0,0,0,1,0
0,0,1,1,51,1782,1,0,0,0,1,0,0,1,0,0,0,1,0,0,0,0
0,0,0,0,9,405.7,0,0,0,0,0,0,0,0,0,0,0,0,1,0,1,0
1,0,1,1,41,4534.9,0,1,1,0,0,1,1,1,1,1,1,0,1,0,1,0
1,0,0,0,22,2415.95,0,1,1,0,0,1,0,0,1,1,0,0,1,0,1,0
0,0,1,1,21,1157.05,1,0,0,0,1,0,1,0,1,1,1,0,1,0,1,0
1,0,1,1,71,8297.5,0,1,1,0,1,1,1,1,1,1,0,1,1,0,0,0
1,0,0,0,1,45.75,0,0,0,0,0,0,0,0,0,0,0,0,0,0,1,0
1,0,1,1,26,2083.1,0,1,0,0,0,0,1,1,1,1,1,0,1,1,0,0
1,0,1,0,71,4681.75,0,1,0,0,1,1,0,1,0,0,0,1,0,0,0,0
1,0,0,0,4,176.2,0,0,0,0,0,0,0,0,0,0,0,0,1,1,0,0
0,0,0,0,12,1001.2,0,1,1,0,1,0,0,0,0,0,0,0,1,0,1,0
0,0,1,0,18,1594.75,0,1,1,0,0,0,0,1,1,0,0,0,1,0,1,0
0,0,0,0,3,212.4,0,1,1,0,0,0,0,0,0,0,0,0,1,0,1,0
0,0,1,0,72,7677.4,0,1,1,0,1,1,0,0,1,1,1,0,1,0,0,0
1,0,0,0,11,815.5,0,0,1,0,0,1,0,0,0,0,0,0,0,0,1,0
0,0,0,0,1,80.15,0,0,1,0,0,0,0,0,0,1,0,0,0,1,0,0
1,0,0,0,13,259.65,0,0,0,1,0,0,0,0,0,0,1,0,0,1,0,0
0,0,1,0,72,8109.8,0,1,1,0,0,1,1,1,1,1,1,0,1,0,1,0
1,0,1,0,42,2386.85,0,1,0,0,1,0,0,0,0,0,1,0,0,1,0,0
0,0,0,0,17,340.35,0,0,0,1,0,0,0,0,0,0,0,0,0,1,0,0
0,0,0,0,7,419.35,0,0,0,0,0,1,0,0,0,0,0,0,1,0,0,1
0,0,1,0,68,7990.05,0,1,1,0,1,1,1,1,1,1,0,1,0,0,0,1
1,0,1,1,56,1402.25,0,1,0,1,0,0,0,0,0,0,0,1,0,0,0,0
0,0,1,1,38,749.35,0,0,0,1,0,0,0,0,0,0,1,0,0,0,0,1
0,0,1,1,72,8425.15,0,1,1,0,1,1,1,1,1,1,0,1,1,0,1,0
0,0,0,0,48,1171.5,0,1,0,1,0,0,0,0,0,0,1,0,0,1,0,0
0,0,1,0,52,5647.95,0,1,1,0,1,1,1,0,1,1,0,0,1,0,1,0
0,0,1,1,35,708.8,0,0,0,1,0,0,0,0,0,0,1,0,0,0,0,1
1,0,1,0,67,7567.2,0,1,1,0,0,1,1,1,1,1,0,1,1,0,0,0
0,0,0,0,1,29.9,1,0,0,0,1,0,0,0,0,0,0,0,0,0,0,1
1,0,0,0,53,4348.1,0,0,1,0,0,1,0,1,0,0,0,0,1,0,0,1
1,0,1,1,34,635.9,0,0,0,1,0,0,0,0,0,0,0,0,0,0,0,1
0,0,0,0,3,108.95,1,0,0,0,0,0,0,0,1,0,0,0,0,1,0,0
0,0,1,0,1,78.8,0,0,1,0,0,0,0,0,1,0,0,0,0,0,1,0
1,0,0,0,19,1682.4,0,0,1,0,0,0,1,1,1,0,0,0,0,0,0,1
0,0,1,0,60,6925.9,0,1,1,0,1,1,1,1,1,1,0,1,1,0,0,0
1,0,0,0,11,223.15,0,0,0,1,0,0,0,0,0,0,0,1,0,1,0,0
0,0,0,0,47,5127.95,0,1,1,0,0,1,1,0,1,1,0,0,1,0,1,0
1,0,0,0,18,874.8,0,0,0,0,1,0,0,0,0,0,0,0,0,0,1,0
0,0,1,1,60,6758.45,0,1,1,0,1,1,1,1,1,1,0,1,0,1,0,0
1,0,1,0,72,1874.3,0,1,0,1,0,0,0,0,0,0,0,1,0,1,0,0
1,0,0,0,39,791.15,0,0,0,1,0,0,0,0,0,0,1,0,0,0,0,1
0,0,1,0,59,4639.45,0,0,1,0,1,0,1,0,0,0,1,0,1,1,0,0
1,0,1,1,2,143.9,0,0,1,0,0,0,0,0,0,0,0,0,0,0,0,1
1,0,0,0,1,69.1,0,0,1,0,0,0,0,0,0,0,0,0,0,0,1,0
1,0,1,1,20,1776.55,0,0,1,0,0,0,0,0,1,1,0,0,1,0,1,0
0,0,0,0,6,536.4,0,1,1,0,0,0,0,0,1,1,0,0,1,0,0,0
1,0,0,0,71,6172,0,1,1,0,0,0,1,1,0,0,0,1,1,1,0,0
0,0,1,0,24,1559.45,0,1,0,0,1,1,1,0,0,0,0,0,0,0,0,1
1,0,1,0,67,6079,0,1,1,0,0,0,0,0,1,1,0,0,1,1,0,0
1,0,0,0,1,80.85,0,0,1,0,0,0,0,0,0,1,0,0,1,0,0,1
0,0,1,1,48,4029.95,0,1,1,0,0,0,0,0,0,1,1,0,1,0,0,1
0,0,1,0,37,2658.4,0,1,0,0,0,1,0,1,0,1,1,0,0,0,0,1
1,0,0,0,11,383.55,1,0,0,0,0,1,1,0,0,0,0,0,0,0,0,1
1,0,1,0,3,51.15,0,0,0,1,0,0,0,0,0,0,0,0,1,1,0,0
0,0,1,0,18,1745.5,0,0,1,0,0,0,1,0,1,1,0,0,1,1,0,0
1,0,1,1,50,2230.85,0,0,0,0,0,0,0,0,0,0,1,0,1,0,0,0
0,0,1,1,67,7281.6,0,1,1,0,1,0,1,1,1,1,1,0,1,0,1,0
0,0,1,0,25,1837.7,0,0,0,0,1,1,0,1,0,1,0,0,1,0,0,1
0,0,0,0,2,149.55,0,1,1,0,0,0,1,0,0,0,0,0,1,0,1,0
1,0,0,0,9,180.7,0,0,0,1,0,0,0,0,0,0,0,0,0,1,0,0
0,0,0,1,10,411.45,1,0,0,0,1,1,0,1,0,0,1,0,0,0,0,1
0,0,1,0,70,1328.35,0,0,0,1,0,0,0,0,0,0,0,1,0,1,0,0
1,0,0,0,9,576.95,0,0,0,0,1,0,1,1,0,1,0,0,1,0,0,0
0,0,0,0,4,68.45,0,0,0,1,0,0,0,0,0,0,0,0,1,1,0,0
0,0,0,0,2,123.05,0,0,0,0,1,0,0,0,0,0,0,0,0,0,0,1
0,0,0,1,1,78.65,0,0,1,0,0,0,0,0,0,1,0,0,0,0,1,0
1,0,0,0,19,468.35,1,0,0,0,0,0,0,0,0,0,0,0,1,0,0,0
1,0,1,1,7,174.7,0,0,0,1,0,0,0,0,0,0,0,0,1,0,0,0
1,0,0,0,1,42.9,0,0,0,0,0,0,0,0,0,0,0,0,1,0,1,0
1,0,0,0,1,44,0,0,0,0,0,0,0,0,0,0,0,0,0,0,1,0
0,0,1,1,9,172.35,0,0,0,1,0,0,0,0,0,0,1,0,0,0,0,1
0,0,0,0,3,139.35,1,0,0,0,1,0,0,1,0,0,0,0,0,0,0,1
0,0,0,0,9,539.85,1,0,0,0,1,0,1,1,1,1,0,0,0,0,0,1
0,0,0,0,5,300.4,0,0,0,0,1,0,1,0,0,0,0,0,0,1,0,0
0,0,1,1,56,4968,0,0,1,0,0,0,0,0,1,1,1,0,0,0,0,0
0,0,0,1,18,992.7,0,1,0,0,1,0,0,0,0,0,0,0,0,0,0,1
1,0,0,0,49,4718.25,0,1,1,0,0,0,0,0,1,1,0,0,1,0,1,0
1,0,1,0,70,5536.5,0,1,0,0,1,1,1,1,1,0,0,1,0,0,0,1
0,0,0,0,72,7806.6,0,1,1,0,0,1,1,1,1,1,0,1,1,1,0,0
0,0,0,0,6,434.1,0,0,1,0,0,0,1,0,0,0,0,0,0,0,1,0
1,0,1,0,17,1563.9,0,1,1,0,0,0,0,0,1,1,0,0,1,0,1,0
1,0,1,0,29,1332.4,1,0,0,0,0,0,0,0,1,1,0,0,1,0,1,0
0,0,1,0,6,545.2,0,1,1,0,0,1,1,0,1,1,0,0,1,0,1,0
1,0,1,0,63,6296.75,0,1,1,0,0,0,1,0,1,1,0,1,0,0,1,0
1,0,1,0,16,1284.2,0,1,1,0,0,0,0,0,0,0,0,0,1,0,0,0
1,0,0,0,59,3645.5,0,0,0,0,0,0,1,0,0,1,1,0,1,0,0,0
0,0,0,0,3,161.45,0,0,0,0,0,0,1,0,1,0,0,0,0,0,1,0
0,0,0,0,8,226.95,1,0,0,0,0,1,0,0,0,0,0,0,1,0,0,1
0,0,1,0,7,646.85,0,1,1,0,0,0,0,0,0,1,0,0,1,0,1,0
0,0,0,0,68,1441.65,0,0,0,1,0,0,0,0,0,0,0,1,0,1,0,0
0,0,1,1,68,7511.3,0,1,1,0,1,0,1,1,1,1,0,1,0,1,0,0
0,0,1,0,52,5621.85,0,1,1,0,0,1,1,0,1,1,1,0,1,0,1,0
1,0,1,1,72,7919.8,0,1,1,0,1,1,0,1,1,1,0,1,1,1,0,0
0,0,1,0,32,593.2,0,0,0,1,0,0,0,0,0,0,1,0,0,0,0,1
0,0,1,0,72,1423.65,0,0,0,1,0,0,0,0,0,0,0,1,0,0,0,0
1,0,1,1,1,69.95,0,0,1,0,0,0,0,0,0,0,0,0,1,1,0,0
1,0,1,1,42,2763.35,0,0,0,0,1,0,0,1,0,1,1,0,0,1,0,0
0,0,0,0,25,692.1,0,1,0,1,0,0,0,0,0,0,0,1,0,1,0,0
1,0,0,0,45,2298.55,0,0,0,0,1,0,0,0,0,0,0,0,1,0,0,0
0,0,1,1,43,2640.55,1,0,0,0,1,0,1,1,1,1,1,0,1,1,0,0
1,0,1,0,37,2911.8,0,1,0,0,1,0,1,0,1,1,1,0,0,0,0,1
0,0,0,0,20,1727.5,0,1,1,0,0,0,0,0,0,1,0,0,1,1,0,0
0,0,0,0,4,86.6,1,0,0,0,0,0,0,0,0,0,0,0,1,0,1,0
1,0,1,0,63,6705.7,0,0,1,0,1,1,1,1,1,1,0,1,1,1,0,0
1,0,0,0,3,237.65,0,0,1,0,0,0,0,0,1,1,0,0,0,0,0,1
1,0,1,1,66,1672.35,0,1,0,1,0,0,0,0,0,0,0,1,1,1,0,0
1,0,0,0,28,2979.5,0,1,1,0,0,1,1,0,1,1,0,0,1,0,1,0
0,0,0,0,8,695.75,0,1,1,0,0,0,0,0,0,1,0,0,0,0,1,0
1,0,0,1,71,1654.6,0,1,0,1,0,0,0,0,0,0,0,1,0,0,0,1
1,0,0,0,1,24.25,1,0,0,0,0,0,0,0,0,0,0,0,1,0,1,0
0,0,1,1,72,1857.85,0,1,0,1,0,0,0,0,0,0,0,1,0,0,0,0
1,0,1,0,16,825.1,0,0,0,0,1,1,0,0,0,0,0,0,1,0,0,0
1,0,1,0,66,6424.25,0,1,1,0,1,1,1,1,0,0,0,1,0,0,0,1
0,0,0,0,11,837.95,0,1,1,0,0,0,0,0,0,0,0,0,1,0,1,0
1,0,0,0,51,4126.2,0,1,0,0,1,1,1,1,1,0,1,0,1,1,0,0
0,0,0,1,8,330.8,1,0,0,0,1,0,0,0,0,1,0,0,1,0,1,0
1,0,0,0,14,1337.45,0,0,1,0,0,0,0,0,1,1,0,0,1,0,1,0
0,0,0,0,4,362.2,0,1,1,0,0,1,0,1,0,1,0,0,1,0,1,0
0,0,0,0,70,5991.05,0,1,0,0,1,1,1,0,1,1,0,1,0,0,0,1
0,0,0,1,70,4891.5,0,1,0,0,1,1,0,1,0,0,0,1,0,0,1,0
0,0,1,0,54,5373.1,0,1,1,0,0,1,0,0,1,1,1,0,1,1,0,0
1,0,0,1,28,2068.55,0,0,1,0,1,0,0,0,0,0,0,0,1,0,0,0
1,0,0,0,24,487.05,0,0,0,1,0,0,0,0,0,0,0,1,0,0,0,1
0,0,1,0,69,4131.2,0,0,0,0,0,1,0,0,0,1,0,1,1,1,0,0
1,0,1,1,42,2301.15,0,0,0,0,1,1,0,0,0,0,0,0,0,0,0,1
0,0,0,0,2,131.65,0,0,1,0,0,0,0,0,0,0,0,0,1,0,1,0
0,0,0,0,39,4036,0,1,1,0,0,0,1,0,1,1,0,0,1,0,1,0
1,0,1,1,45,4900.65,0,1,1,0,0,1,1,1,1,1,0,1,1,0,0,0
1,0,1,1,72,5727.45,0,1,0,0,1,1,1,1,1,0,0,1,1,0,0,0
0,0,0,0,38,743.05,0,0,0,1,0,0,0,0,0,0,0,1,0,0,0,1
1,0,1,0,72,4804.65,0,1,0,0,1,1,1,1,0,0,0,1,1,0,0,0
1,0,0,0,1,24.05,0,1,0,1,0,0,0,0,0,0,0,0,1,0,0,1
1,0,1,1,72,1414.65,0,0,0,1,0,0,0,0,0,0,0,1,1,1,0,0
1,0,1,0,55,1443.65,0,1,0,1,0,0,0,0,0,0,0,1,0,0,0,0
0,0,1,1,51,2898.95,1,0,0,0,0,0,1,1,1,1,1,0,1,0,1,0
1,0,0,0,63,5309.5,0,0,0,0,1,1,1,1,1,1,0,1,1,0,0,0
0,0,0,0,1,20.4,0,0,0,1,0,0,0,0,0,0,0,0,0,0,0,1
0,0,1,1,23,451.55,0,0,0,1,0,0,0,0,0,0,0,1,1,0,0,1
0,0,0,0,1,50.55,0,0,0,0,0,1,0,0,0,0,0,0,0,0,1,0
0,0,0,0,2,117.05,0,1,0,0,0,0,0,1,0,0,0,0,1,0,0,1
0,0,0,0,52,5839.3,0,1,1,0,1,1,1,0,1,1,0,0,0,1,0,0
0,0,0,0,36,1893.5,0,1,0,0,1,0,0,0,0,0,1,0,0,0,0,1
0,0,0,0,1,45.35,0,0,0,0,0,0,0,0,0,0,0,0,0,0,0,1
0,0,0,0,28,1654.45,0,1,0,0,1,0,1,0,0,0,1,0,0,0,0,1
0,0,1,1,7,477.05,0,0,0,0,1,1,1,0,1,0,1,0,0,0,1,0
1,0,0,0,14,1415.55,0,1,1,0,0,1,0,0,1,1,0,0,1,0,1,0
1,0,1,0,72,4546,1,0,0,0,1,1,1,1,1,1,0,1,1,1,0,0
0,0,1,1,1,20.5,0,0,0,1,0,0,0,0,0,0,0,0,1,0,0,1
0,0,0,0,10,163.2,0,0,0,1,0,0,0,0,0,0,0,0,0,0,0,1
1,0,0,0,42,849.9,0,0,0,1,0,0,0,0,0,0,1,0,0,0,0,0
0,0,0,0,7,189.95,1,0,0,0,0,0,0,0,0,0,0,0,0,0,0,0
1,0,0,0,4,321.9,0,0,1,0,0,0,1,0,0,0,0,0,1,0,0,0
1,0,1,1,72,8058.55,0,1,1,0,1,1,1,1,1,1,0,1,1,1,0,0
0,0,1,0,20,482.8,1,0,0,0,0,0,0,0,0,0,0,0,1,0,1,0
1,0,0,0,63,7049.75,0,0,1,0,1,1,1,1,1,1,0,1,0,1,0,0
0,0,0,0,56,2560.1,1,0,0,0,1,1,1,1,0,0,0,1,0,0,0,0
0,0,0,1,5,286.8,0,0,0,0,0,0,0,1,0,0,0,0,1,0,0,1
0,0,1,0,72,7982.5,0,1,1,0,0,1,1,1,1,1,0,1,1,0,0,0
1,0,1,1,68,5683.6,0,1,1,0,0,1,1,0,0,0,0,0,1,0,1,0
1,0,1,1,67,3994.05,0,0,0,0,1,1,0,1,0,0,1,0,0,0,0,1
1,0,1,1,8,369.15,0,0,0,0,0,0,0,0,0,0,0,0,0,0,0,0
1,0,1,1,52,4631.7,0,1,1,0,0,1,0,1,0,1,0,0,1,0,0,0
0,0,1,1,18,401.95,0,0,0,1,0,0,0,0,0,0,0,0,1,0,0,1
0,0,1,1,59,1534.05,0,1,0,1,0,0,0,0,0,0,0,1,0,0,0,1
0,0,0,0,60,1093,0,0,0,1,0,0,0,0,0,0,0,1,0,0,0,1
1,0,0,0,7,701.3,0,1,1,0,0,0,0,0,1,1,0,0,1,0,1,0
1,0,1,1,59,1980.3,1,0,0,0,1,0,1,0,0,0,1,0,0,0,0,1
1,0,0,0,46,2893.4,1,0,0,0,1,0,1,1,1,1,0,1,1,0,0,0
1,0,0,0,5,262.3,0,0,0,0,0,1,0,0,0,0,0,0,1,0,1,0
1,0,1,0,59,3886.85,1,0,0,0,1,0,1,1,1,1,0,1,1,1,0,0
0,0,1,0,70,5917.55,0,1,0,0,0,1,1,1,1,1,0,1,1,0,0,0
0,0,0,0,14,914,0,0,1,0,0,0,0,0,0,0,0,0,1,1,0,0
0,0,0,0,44,2139.1,0,1,0,0,0,0,0,0,0,0,0,0,1,0,0,1
0,0,1,0,64,5948.7,0,1,1,0,1,0,1,0,1,0,0,1,1,1,0,0
0,0,1,1,58,3624.35,1,0,0,0,1,0,1,1,1,1,0,1,0,0,0,1
0,0,1,0,46,4753.85,0,1,1,0,0,0,0,1,1,1,1,0,0,0,1,0
1,0,1,0,58,5780.7,0,1,1,0,0,1,0,0,1,1,0,0,1,0,1,0
0,0,1,0,72,6869.7,0,1,1,0,0,1,0,0,1,1,0,1,1,1,0,0
0,0,0,0,30,1172.95,1,0,0,0,0,0,1,0,1,0,0,0,1,0,1,0
1,0,0,0,11,662.95,0,1,0,0,1,1,0,0,0,0,0,0,0,0,0,0
0,0,0,0,34,1765.95,1,0,0,0,0,1,1,0,1,1,0,0,1,0,1,0
1,0,0,0,54,2431.95,1,0,0,0,1,1,0,0,0,1,0,1,0,0,0,0
0,0,0,0,3,155.35,1,0,0,0,0,1,0,0,1,1,0,0,1,0,1,0
0,0,1,1,72,1859.2,0,1,0,1,0,0,0,0,0,0,0,1,0,0,0,1
0,0,1,1,40,3303.05,0,1,1,0,0,0,1,1,0,0,0,0,1,0,1,0
0,0,1,1,2,134.35,0,0,0,0,0,0,0,0,1,1,0,0,0,0,0,1
1,0,1,1,54,3409.1,0,1,0,0,0,0,1,0,0,1,0,1,0,1,0,0
0,0,0,0,14,709.5,0,0,0,0,1,0,0,0,0,0,0,0,0,0,0,0
0,0,0,0,1,70.5,0,0,1,0,0,0,0,0,0,0,0,0,0,0,1,0
0,0,0,0,10,953.45,0,1,1,0,0,1,1,0,0,1,0,0,1,0,1,0
0,0,0,0,1,50.15,0,0,0,0,1,0,0,0,0,0,0,0,0,0,1,0
1,0,0,0,1,19.75,0,0,0,1,0,0,0,0,0,0,0,0,0,0,0,1
1,0,0,0,56,3665.55,0,1,0,0,1,1,0,1,0,0,1,0,1,0,0,0
0,0,1,0,68,5515.8,0,0,0,0,1,1,0,1,1,1,0,1,1,0,0,0
0,0,1,1,14,272,0,0,0,1,0,0,0,0,0,0,1,0,1,0,0,1
1,0,1,1,68,6668,0,0,1,0,1,0,0,1,1,1,0,1,1,0,1,0
1,0,1,0,55,4052.4,0,1,1,0,0,0,0,0,0,0,0,0,1,0,1,0
0,0,0,0,16,664.4,1,0,0,0,1,0,0,0,1,0,0,0,1,0,1,0
1,0,0,0,9,718.55,0,0,1,0,0,0,0,0,0,1,0,0,1,0,1,0
1,0,1,1,14,937.6,0,0,0,0,1,1,0,0,1,0,0,0,1,0,1,0
1,0,1,0,58,5812.6,0,1,1,0,0,0,1,0,1,1,0,0,1,0,1,0
1,0,0,0,53,2546.85,1,0,0,0,1,1,0,0,0,1,0,0,1,0,0,0
1,0,1,0,70,6944.5,0,1,1,0,1,1,1,0,1,0,0,1,1,1,0,0
0,0,1,1,14,1346.3,0,1,1,0,0,0,0,0,1,1,0,0,1,0,1,0
1,0,1,1,22,1544.05,0,0,0,0,1,0,1,1,1,0,1,0,1,0,0,0
0,0,1,0,10,765.15,0,1,1,0,1,0,0,0,0,0,0,0,1,1,0,0
0,0,1,1,29,692.55,0,1,0,1,0,0,0,0,0,0,0,1,0,0,0,1
0,0,0,0,1,69.6,0,0,1,0,0,0,0,0,0,0,0,0,1,0,1,0
1,0,1,0,49,4059.35,0,1,0,0,1,0,1,1,1,1,1,0,0,0,1,0
0,0,1,0,68,6851.65,0,1,1,0,0,1,0,0,1,1,0,0,1,0,1,0
0,0,0,0,1,78.05,0,0,1,0,0,0,0,0,1,0,0,0,0,0,1,0
0,0,0,0,30,1187.05,1,0,0,0,0,0,0,1,0,1,1,0,1,1,0,0
0,0,1,0,72,5401.9,0,1,0,0,1,1,1,1,1,0,0,1,0,1,0,0
0,0,0,0,10,247,0,0,0,1,0,0,0,0,0,0,0,0,1,0,0,1
1,0,0,0,7,520,0,1,1,0,0,0,0,0,0,0,0,0,0,0,1,0
0,0,0,0,9,706.6,0,1,1,0,0,0,0,0,0,0,0,0,1,0,1,0
0,0,0,1,1,49.9,0,0,0,0,1,0,0,0,0,0,0,0,0,0,0,1
0,0,0,0,20,1370.35,0,1,0,0,0,1,0,1,0,1,0,0,1,1,0,0
0,0,0,0,1,20.25,0,0,0,1,0,0,0,0,0,0,0,0,1,0,0,1
0,0,0,0,29,2215.25,0,1,1,0,0,0,0,0,0,0,0,0,1,1,0,0
1,0,0,0,1,74,0,0,1,0,0,0,0,1,0,0,0,0,0,0,1,0
1,0,0,0,3,214.4,0,0,1,0,1,0,0,1,0,0,0,0,1,0,0,1
0,0,0,0,20,1871.15,0,0,1,0,1,0,1,0,1,0,0,0,1,0,0,0
1,0,0,1,64,6171.2,0,0,1,0,0,1,0,1,1,1,0,0,1,1,0,0
1,0,0,0,1,20.2,0,0,0,1,0,0,0,0,0,0,0,0,1,0,0,1
0,0,0,0,6,161.45,1,0,0,0,1,0,0,0,0,0,0,0,0,0,0,0
1,0,1,0,50,1013.2,0,0,0,1,0,0,0,0,0,0,0,1,0,0,1,0
1,0,0,0,6,336.7,0,0,0,0,1,0,0,0,0,1,0,0,1,0,0,0
1,0,1,1,7,333.65,0,0,0,0,0,0,0,0,0,0,0,0,0,0,1,0
1,0,1,1,72,6511.8,0,1,1,0,0,0,1,0,0,1,0,1,1,1,0,0
1,0,1,0,8,393.45,0,0,0,0,0,1,0,0,0,0,0,0,1,0,0,0
0,0,1,1,67,7009.5,0,1,1,0,1,0,0,1,1,1,0,1,0,1,0,0
0,0,1,0,24,2264.05,0,1,1,0,0,0,0,0,1,1,0,0,1,0,1,0
0,0,1,0,72,6921.7,0,1,1,0,1,1,0,0,0,1,0,1,1,1,0,0
1,0,1,1,33,600.25,0,0,0,1,0,0,0,0,0,0,1,0,1,0,0,0
1,0,0,0,2,56.35,1,0,0,0,0,0,0,0,0,0,0,0,1,0,1,0
1,0,1,0,70,4664.15,0,0,0,0,1,1,0,1,0,1,0,1,0,0,0,1
0,0,0,0,22,1441.8,0,0,0,0,0,1,1,0,1,0,1,0,0,0,0,0
0,0,0,0,59,5623.7,0,1,1,0,1,1,1,0,0,1,0,0,1,0,0,0
1,0,0,0,36,695.85,0,0,0,1,0,0,0,0,0,0,1,0,1,1,0,0
0,0,1,1,51,1028.75,0,0,0,1,0,0,0,0,0,0,0,1,0,0,0,1
1,0,1,0,53,4155.95,0,1,0,0,1,0,1,1,1,0,1,0,0,0,0,0
0,0,1,1,20,395.6,0,0,0,1,0,0,0,0,0,0,1,0,0,0,0,0
1,0,1,0,63,6330.4,0,0,1,0,1,0,1,0,1,1,0,1,0,1,0,0
0,0,0,0,40,2971.7,0,0,1,0,0,1,0,0,0,0,0,0,0,1,0,0
1,0,0,0,35,638,0,0,0,1,0,0,0,0,0,0,1,0,1,0,0,1
1,0,1,1,26,2034.25,0,0,1,0,0,0,0,0,0,1,1,0,0,0,0,0
1,0,1,0,27,2510.2,0,1,1,0,0,1,1,0,0,1,0,0,1,0,1,0
1,0,0,1,53,3419.5,0,0,0,0,1,1,0,1,0,0,1,0,0,1,0,0
1,0,1,0,34,2427.35,0,0,1,0,0,0,0,0,0,0,0,0,0,1,0,0
0,0,1,0,19,1760.25,0,1,1,0,0,0,0,0,1,1,0,0,1,0,1,0
1,0,1,0,43,3551.65,0,0,1,0,1,1,1,0,0,0,0,0,1,1,0,0
1,0,1,1,6,122.9,0,0,0,1,0,0,0,0,0,0,0,0,0,0,0,1
1,0,0,1,56,1424.2,0,1,0,1,0,0,0,0,0,0,0,1,1,0,0,1
1,0,0,0,57,2111.45,1,0,0,0,0,1,0,0,1,0,0,0,1,0,1,0
1,0,1,1,34,2909.95,0,0,1,0,0,0,1,0,1,0,0,0,1,0,0,1
0,0,0,0,10,374,1,0,0,0,0,1,0,1,0,0,0,0,0,0,1,0
0,0,0,0,1,20.25,0,0,0,1,0,0,0,0,0,0,0,0,1,0,0,1
0,0,0,0,13,300.8,1,0,0,0,0,0,0,0,0,0,0,0,1,0,1,0
1,0,0,0,56,5581.05,0,1,1,0,0,1,0,0,1,1,0,0,0,0,1,0
0,0,1,0,55,5676.65,0,1,1,0,0,1,1,0,1,1,0,0,1,1,0,0
0,0,1,1,36,3379.25,0,1,0,0,1,1,1,1,1,1,0,1,1,1,0,0
1,0,1,0,47,942.95,0,0,0,1,0,0,0,0,0,0,1,0,0,0,0,0
0,0,1,1,12,232.4,0,0,0,1,0,0,0,0,0,0,0,0,1,1,0,0
0,0,0,0,1,85.45,0,0,1,0,0,0,1,0,1,0,0,0,1,0,1,0
1,0,0,0,24,2088.45,0,1,1,0,0,1,0,0,0,0,0,0,1,0,1,0
0,0,0,0,63,6137,0,1,1,0,0,1,0,0,1,1,1,0,0,0,0,0
0,0,0,0,35,1434.6,1,0,0,0,0,0,1,0,1,0,0,0,1,0,1,0
0,0,0,0,67,3870,0,0,0,0,1,1,0,1,0,0,1,0,0,1,0,0
1,0,0,0,25,2043.45,0,1,1,0,0,0,0,0,0,1,0,0,1,0,1,0
1,0,0,0,21,2215,0,1,1,0,1,0,1,0,1,1,0,0,0,0,0,1
0,0,0,0,13,842.25,0,0,0,0,1,1,0,1,0,1,0,0,0,0,0,0
1,0,1,0,35,2576.2,0,1,1,0,0,0,0,0,0,0,0,0,1,0,1,0
1,0,1,0,71,1901,0,1,0,1,0,0,0,0,0,0,0,1,0,0,0,0
0,0,0,0,29,601.6,0,0,0,1,0,0,0,0,0,0,0,0,0,1,0,0
1,0,1,0,71,3515.25,1,0,0,0,0,1,0,0,1,1,0,1,0,0,1,0
1,0,1,0,7,605.45,0,0,1,0,0,0,0,0,1,1,0,0,1,0,1,0
0,0,0,0,57,3094.05,1,0,0,0,0,1,1,0,1,1,0,0,1,0,1,0
1,0,1,0,65,4929.55,0,1,0,0,1,0,1,1,0,1,0,1,0,0,0,0
1,0,0,0,27,595.05,0,0,0,1,0,0,0,0,0,0,1,0,0,0,0,1
1,0,0,0,6,469.8,0,1,1,0,0,0,0,0,0,0,0,0,1,0,1,0
0,0,0,0,72,8436.25,0,1,1,0,1,1,1,1,1,1,0,1,1,1,0,0
1,0,0,0,1,19.75,0,0,0,1,0,0,0,0,0,0,0,0,1,0,0,1
1,0,0,0,11,492,0,0,0,0,0,0,0,0,0,0,0,0,0,1,0,0
1,0,1,1,39,987.95,0,1,0,1,0,0,0,0,0,0,0,1,0,0,0,1
0,0,0,0,59,5496.9,0,1,1,0,1,1,1,0,0,0,0,0,1,0,1,0
1,0,0,0,26,1908.35,0,0,0,0,1,0,0,1,1,1,1,0,0,0,0,0
1,0,0,0,2,107.1,0,0,0,0,0,0,1,0,0,0,0,0,0,0,0,1
0,0,1,1,72,4575.35,1,0,0,0,1,1,1,1,1,1,0,1,0,0,0,0
1,0,1,0,65,4309.55,0,1,0,0,1,1,1,0,0,0,1,0,0,1,0,0
1,0,1,1,72,7922.75,0,1,1,0,0,1,1,1,1,1,0,1,0,1,0,0
1,0,0,0,6,522.35,0,1,1,0,0,0,0,1,0,1,0,0,1,0,0,0
1,0,0,0,32,587.7,0,0,0,1,0,0,0,0,0,0,1,0,0,1,0,0
0,0,1,0,50,3876.2,0,1,0,0,0,0,1,0,1,1,1,0,0,0,0,0
1,0,1,0,61,3778.85,1,0,0,0,1,0,1,1,1,1,0,1,1,0,0,1
0,0,0,0,15,1457.25,0,0,1,0,0,1,1,0,1,1,0,0,1,0,1,0
1,0,1,0,72,8349.45,0,1,1,0,1,1,1,1,1,1,0,1,0,0,0,0
1,0,0,0,9,185.6,0,0,0,1,0,0,0,0,0,0,0,0,1,0,0,1
0,0,0,0,1,19.5,0,0,0,1,0,0,0,0,0,0,0,0,0,0,0,1
0,0,0,0,12,1066.9,0,1,1,0,0,0,0,0,0,1,0,0,1,0,1,0
0,0,0,0,37,973.55,1,0,0,0,0,0,0,1,0,0,0,0,0,1,0,0
1,0,1,1,61,1226.45,0,0,0,1,0,0,0,0,0,0,1,0,0,0,0,1
1,0,1,1,18,342.3,0,0,0,1,0,0,0,0,0,0,1,0,0,0,0,0
1,0,0,1,21,985.05,0,0,0,0,0,0,0,0,0,0,0,0,0,0,0,1
1,0,1,1,68,3948.45,1,0,0,0,1,1,1,1,0,1,0,1,1,0,0,1
1,0,0,0,12,828.05,0,1,1,0,0,0,0,0,0,0,0,0,1,1,0,0
0,0,0,0,2,41.85,1,0,0,0,0,0,0,0,0,0,0,0,0,0,1,0
0,0,1,0,62,6164.7,0,1,1,0,0,0,1,0,1,1,0,0,1,0,1,0
0,0,0,0,29,2862.75,0,1,1,0,0,0,0,1,1,1,0,0,0,0,1,0
1,0,0,1,1,33.6,1,0,0,0,0,1,0,1,0,0,0,0,0,0,0,1
1,0,1,0,5,343.95,0,1,1,0,0,0,1,0,0,0,0,0,1,0,0,0
0,0,0,0,1,20.7,0,0,0,1,0,0,0,0,0,0,0,0,0,0,1,0
1,0,0,1,62,6590.5,0,1,1,0,0,0,1,1,1,1,0,1,1,0,1,0
0,0,1,1,36,717.95,0,0,0,1,0,0,0,0,0,0,0,1,0,0,0,0
0,0,0,0,28,2890.65,0,1,1,0,0,0,1,1,1,1,0,0,1,0,1,0
0,0,1,1,69,4885.85,0,1,0,0,1,1,0,1,1,0,1,0,0,1,0,0
0,0,1,0,11,1222.05,0,1,1,0,1,0,0,1,1,0,0,0,1,1,0,0
0,0,1,0,63,6871.7,0,1,1,0,0,1,1,1,1,1,0,0,1,0,1,0
1,0,0,0,23,405.6,0,0,0,1,0,0,0,0,0,0,1,0,0,0,0,0
1,0,0,0,10,208.25,0,0,0,1,0,0,0,0,0,0,0,0,0,1,0,0
0,0,1,0,71,1801.9,0,1,0,1,0,0,0,0,0,0,0,1,1,1,0,0
0,0,0,0,45,3062.45,0,1,0,0,1,0,0,1,0,1,0,0,1,0,1,0
0,0,1,1,70,1764.75,0,1,0,1,0,0,0,0,0,0,0,1,0,0,0,1
0,0,0,1,22,1816.75,0,1,1,0,0,0,0,0,0,1,0,0,1,0,1,0
0,0,1,1,52,1255.1,0,1,0,1,0,0,0,0,0,0,0,1,0,0,0,1
1,0,1,0,55,5743.05,0,1,1,0,0,0,1,1,1,1,1,0,1,0,1,0
0,0,0,0,65,3921.1,1,0,0,0,1,0,1,1,1,1,0,1,0,1,0,0
0,0,1,1,72,1463.45,0,0,0,1,0,0,0,0,0,0,0,1,0,0,0,0
1,0,1,0,10,189.45,0,0,0,1,0,0,0,0,0,0,1,0,0,0,0,0
0,0,0,1,7,96.8,0,0,0,1,0,0,0,0,0,0,1,0,0,0,0,1
1,0,0,0,5,408.5,0,0,1,0,0,1,0,0,0,1,0,0,1,0,1,0
0,0,1,1,24,1846.65,0,1,0,0,1,0,1,0,1,1,0,1,0,1,0,0
0,0,1,1,72,8456.75,0,1,1,0,1,1,1,1,1,1,0,1,1,1,0,0
1,0,0,0,21,1011.5,1,0,0,0,1,0,0,1,1,0,0,0,1,0,0,1
1,0,1,0,69,4263.4,1,0,0,0,0,1,1,1,1,1,1,0,1,1,0,0
1,0,1,1,44,2549.1,0,0,0,0,0,1,0,1,0,0,0,0,1,0,0,0
0,0,1,1,61,3965.05,0,1,0,0,0,0,1,0,1,0,1,0,1,0,1,0
1,0,0,0,24,2496.7,0,1,1,0,0,1,1,0,1,1,0,0,1,1,0,0
0,0,0,0,1,90.6,0,0,1,0,0,0,0,0,1,1,0,0,0,0,1,0
0,0,0,0,6,288.05,0,0,0,0,0,0,0,1,0,0,0,0,1,0,0,0
1,0,0,0,4,368.1,0,1,1,0,0,1,0,0,0,1,0,0,1,0,1,0
1,0,1,0,72,7840.6,0,1,1,0,0,1,1,1,1,1,0,1,1,0,1,0
1,0,0,0,72,6632.75,0,1,0,0,1,1,1,1,1,1,0,1,0,0,0,0
1,0,1,0,14,1013.35,0,1,1,0,0,0,0,0,0,0,0,0,1,0,1,0
1,0,0,0,7,152.95,0,1,0,1,0,0,0,0,0,0,0,0,1,0,0,0
0,0,0,0,48,3772.65,0,0,1,0,0,1,0,0,0,0,1,0,0,0,1,0
1,0,1,1,55,1026.35,0,0,0,1,0,0,0,0,0,0,1,0,0,0,0,1
1,0,0,0,1,19.3,0,0,0,1,0,0,0,0,0,0,0,0,0,1,0,0
1,0,0,0,45,5031.85,0,0,1,0,1,1,1,1,1,1,1,0,0,1,0,0
1,0,0,0,3,220.4,0,0,1,0,0,0,0,0,0,0,0,0,1,0,0,1
0,0,1,0,71,1416.5,0,0,0,1,0,0,0,0,0,0,0,1,0,0,0,1
1,0,1,0,8,158.35,0,0,0,1,0,0,0,0,0,0,0,0,0,0,0,1
0,0,1,0,3,256.6,0,1,1,0,0,0,0,0,0,0,0,0,1,0,1,0
1,0,1,1,69,5542.55,0,0,0,0,1,1,0,1,1,1,0,1,0,0,0,0
1,0,1,1,1,68.5,0,0,1,0,0,0,0,0,0,0,0,0,1,0,1,0
0,0,1,0,72,8443.7,0,1,1,0,1,1,1,1,1,1,0,1,1,1,0,0
1,0,0,0,11,791.75,0,0,1,0,1,0,0,0,0,0,0,0,1,0,1,0
1,0,0,0,71,5708.2,0,1,0,0,1,1,1,1,0,1,0,1,0,0,0,0
0,0,0,0,1,69.95,0,0,1,0,0,0,0,0,0,0,0,0,1,0,0,1
0,0,1,0,33,2016.3,1,0,0,0,1,0,1,1,1,1,0,1,0,0,0,0
0,0,0,0,16,326.65,0,0,0,1,0,0,0,0,0,0,1,0,0,0,0,1
0,0,1,0,56,5471.75,0,1,1,0,1,1,1,1,0,0,1,0,0,0,1,0
0,0,0,0,1,19.95,0,0,0,1,0,0,0,0,0,0,0,0,0,1,0,0
1,0,0,0,5,346.4,0,0,0,0,0,0,1,0,1,1,0,0,1,0,1,0
1,0,1,1,57,1061.6,0,0,0,1,0,0,0,0,0,0,1,0,0,0,0,1
1,0,1,1,56,1971.5,1,0,0,0,0,1,1,0,0,0,1,0,1,1,0,0
1,0,0,0,8,773.65,0,1,1,0,0,1,1,0,1,0,0,0,1,0,1,0
0,0,1,1,22,1422.05,0,0,0,0,1,1,1,0,0,0,0,0,0,0,0,1
0,0,0,0,1,19.75,0,0,0,1,0,0,0,0,0,0,0,0,0,0,0,1
0,0,0,1,40,2460.35,0,0,0,0,1,0,0,1,1,0,0,0,1,1,0,0
1,0,1,1,46,856.5,0,0,0,1,0,0,0,0,0,0,0,1,0,1,0,0
1,0,1,1,63,1275.85,0,0,0,1,0,0,0,0,0,0,0,1,0,0,0,1
1,0,1,1,68,7467.5,0,1,1,0,1,1,1,0,1,1,0,1,1,0,1,0
1,0,1,1,69,7261.75,0,0,1,0,1,1,0,1,1,1,0,1,1,1,0,0
0,0,1,0,56,5116.6,0,1,1,0,0,1,1,1,0,0,0,0,0,0,1,0
0,0,1,1,10,660.05,0,0,0,0,0,1,1,0,0,1,1,0,1,0,0,1
1,0,0,0,63,6590.8,0,1,1,0,1,1,1,1,1,0,1,0,0,1,0,0
0,0,1,1,24,1208.15,1,0,0,0,1,1,1,1,0,1,0,1,1,0,0,1
0,0,0,0,19,1033.9,0,1,0,0,0,0,1,0,0,0,0,0,1,0,0,1
1,0,1,1,22,1885.15,0,1,1,0,0,0,1,0,1,0,0,0,1,0,1,0
1,0,1,0,29,2467.1,0,1,1,0,1,1,0,0,0,0,0,0,1,0,1,0
1,0,1,0,13,989.45,0,1,0,0,0,0,1,0,1,1,1,0,1,0,0,1
0,0,1,0,70,2006.95,0,1,0,1,0,0,0,0,0,0,0,1,1,0,0,0
0,0,1,0,49,5025,0,0,1,0,0,1,1,0,1,1,0,0,0,0,1,0
0,0,1,0,43,4830.25,0,1,1,0,1,0,1,1,1,1,1,0,1,0,0,1
0,0,0,0,3,59.75,0,0,0,1,0,0,0,0,0,0,0,0,1,0,0,1
1,0,1,1,42,3088.25,0,0,0,0,0,0,1,1,1,1,1,0,0,0,1,0
1,0,0,0,57,3134.7,0,0,0,0,0,1,0,1,0,0,1,0,1,0,0,1
1,0,0,0,2,94.55,0,0,0,0,1,0,1,0,1,0,0,0,0,0,0,0
0,0,1,0,72,8312.4,0,1,1,0,1,1,1,1,1,1,0,1,1,1,0,0
0,0,0,0,46,4863.85,0,1,1,0,0,1,1,0,1,1,0,0,1,0,1,0
1,0,1,0,66,6871.9,0,1,1,0,0,0,0,1,1,1,0,0,1,1,0,0
1,0,0,0,62,6529.25,0,1,1,0,1,1,0,1,0,1,1,0,0,0,1,0
0,0,1,0,72,6637.9,0,1,0,0,1,1,1,1,1,1,0,1,1,0,0,0
1,0,1,1,35,3165.6,0,0,1,0,0,1,0,1,1,0,1,0,1,0,1,0
1,0,1,0,17,1454.15,0,1,1,0,1,1,1,0,0,0,0,0,0,1,0,0
0,0,1,0,72,6786.1,0,1,0,0,1,1,1,1,1,1,0,1,1,0,1,0
0,0,1,1,28,543,0,0,0,1,0,0,0,0,0,0,1,0,0,0,0,1
1,0,1,0,56,1327.15,0,1,0,1,0,0,0,0,0,0,0,1,1,1,0,0
0,0,0,0,31,2404.15,0,1,1,0,0,0,0,1,0,0,0,0,1,1,0,0
1,0,0,0,45,867.3,0,0,0,1,0,0,0,0,0,0,1,0,0,0,0,0
0,0,0,0,1,25.75,0,1,0,1,0,0,0,0,0,0,0,0,1,0,0,1
0,0,0,0,2,114.7,0,0,0,0,0,1,0,0,0,0,0,0,1,0,0,1
0,0,0,0,6,109.5,0,0,0,1,0,0,0,0,0,0,0,0,1,0,0,1
0,0,1,0,48,4692.95,0,0,1,0,0,1,1,0,1,1,1,0,1,0,1,0
1,0,1,1,25,546.85,0,1,0,1,0,0,0,0,0,0,0,0,1,0,0,0
1,0,1,1,64,1274.05,0,0,0,1,0,0,0,0,0,0,0,1,1,0,0,0
1,0,0,0,50,1782.4,1,0,0,0,1,1,0,0,0,0,0,0,1,0,0,1
0,0,1,1,52,5301.1,0,1,1,0,0,0,1,0,1,1,1,0,0,0,0,0
1,0,1,0,4,280.35,0,0,1,0,0,0,0,0,0,0,0,0,1,0,1,0
0,0,0,0,32,2897.95,0,0,1,0,0,0,0,0,1,1,0,0,0,0,1,0
1,0,1,1,45,3371,0,1,0,0,1,1,0,1,1,0,0,1,0,1,0,0
1,0,1,0,9,801.3,0,1,1,0,1,0,0,0,0,1,0,0,1,0,1,0
0,0,1,0,66,6975.25,0,1,1,0,0,0,1,1,1,1,1,0,1,1,0,0
1,0,0,1,3,257.05,0,1,1,0,0,0,1,0,0,1,0,0,0,0,1,0
0,0,0,0,54,1079.45,0,0,0,1,0,0,0,0,0,0,0,1,0,0,0,1
0,0,1,1,1,40.1,1,0,0,0,0,0,0,1,1,0,0,0,0,0,1,0
0,0,1,1,64,6997.3,0,1,1,0,1,1,0,1,1,1,0,1,0,0,0,0
0,0,0,0,31,2217.15,0,1,1,0,0,0,0,0,0,0,0,0,1,0,1,0
0,0,0,0,14,1129.1,0,0,1,0,0,0,0,0,1,1,0,0,1,0,0,1
0,0,0,0,12,979.05,0,0,1,0,1,0,0,0,1,0,1,0,1,1,0,0
1,0,1,0,67,4119.4,0,0,0,0,1,1,0,1,0,0,1,0,1,0,0,0
0,0,1,1,35,2568.55,0,1,0,0,1,0,1,1,1,0,0,0,0,0,1,0
0,0,0,0,45,3349.1,0,1,0,0,1,0,0,1,0,1,0,1,0,0,0,1
1,0,0,0,10,492.1,0,0,0,0,0,0,0,0,0,0,0,0,0,0,0,1
0,0,0,0,29,1718.95,0,1,0,0,1,1,0,0,0,0,0,0,1,0,0,0
0,0,0,0,24,605.25,0,1,0,1,0,0,0,0,0,0,1,0,0,0,0,0
1,0,1,1,66,1344.5,0,0,0,1,0,0,0,0,0,0,0,1,1,0,0,1
1,0,0,0,51,4267.15,0,0,1,0,1,0,0,0,1,0,1,0,0,0,0,1
0,0,1,0,45,1121.05,0,1,0,1,0,0,0,0,0,0,0,1,0,0,0,1
0,0,1,0,49,918.7,0,0,0,1,0,0,0,0,0,0,1,0,0,1,0,0
0,0,1,0,29,521.8,0,0,0,1,0,0,0,0,0,0,0,1,1,0,0,1
1,0,1,1,40,4469.1,0,1,1,0,1,1,0,1,1,1,0,0,1,1,0,0
0,0,0,0,37,3580.3,0,1,1,0,0,0,0,0,1,1,0,0,1,0,1,0
1,0,0,0,25,1729.35,0,0,1,0,0,0,0,0,0,0,0,0,0,0,1,0
0,0,0,0,22,1073.3,1,0,0,0,0,0,1,0,1,1,0,0,1,0,1,0
1,0,0,0,72,4566.5,1,0,0,0,1,1,1,1,1,1,0,1,1,0,0,0
0,0,0,0,7,293.3,1,0,0,0,0,1,0,0,0,1,0,0,1,1,0,0
1,0,1,1,33,2603.1,0,0,0,0,0,1,1,1,1,1,0,1,0,1,0,0
0,0,0,0,23,1783.75,0,0,1,0,0,1,0,1,0,0,0,0,1,0,0,1
1,0,0,0,24,2440.15,0,1,1,0,0,1,0,0,1,1,0,0,1,0,1,0
0,0,0,0,1,79.55,0,0,1,0,0,0,0,0,1,0,0,0,0,0,1,0
1,0,0,0,69,6322.1,0,1,0,0,1,1,1,1,1,1,0,1,0,0,0,1
0,0,0,1,3,57.4,0,0,0,1,0,0,0,0,0,0,1,0,1,1,0,0
1,0,0,0,56,4284.65,0,0,0,0,0,1,0,1,1,1,1,0,1,0,0,0
1,0,0,0,65,7138.65,0,1,1,0,1,0,1,1,1,1,1,0,1,1,0,0
1,0,1,0,71,1539.75,0,0,0,1,0,0,0,0,0,0,1,0,0,0,1,0
0,0,0,0,14,1058.1,0,1,1,0,0,0,1,0,0,0,0,0,1,0,0,0
0,0,0,0,2,123.8,0,0,1,0,0,0,0,0,0,0,0,0,1,0,1,0
0,0,0,0,32,2781.85,0,1,1,0,0,0,0,0,1,0,1,0,0,0,1,0
1,0,0,0,40,2731,0,0,0,0,1,0,1,0,0,1,0,0,0,0,1,0
1,0,0,0,1,20.75,0,0,0,1,0,0,0,0,0,0,0,0,0,1,0,0
1,0,0,0,1,89.1,0,0,1,0,0,0,0,0,1,1,0,0,1,0,1,0
0,0,0,0,7,497.3,0,0,1,0,0,0,0,0,0,0,0,0,1,0,0,1
0,0,1,0,15,711.15,0,1,0,0,0,0,0,0,0,0,0,0,1,0,1,0
0,0,1,1,17,1607.2,0,1,1,0,1,0,1,0,1,0,0,0,0,0,1,0
1,0,0,0,19,1490.95,0,0,1,0,0,1,1,0,0,0,0,0,1,0,1,0
1,0,0,0,71,1898.1,0,1,0,1,0,0,0,0,0,0,0,1,0,0,0,0
0,0,1,1,54,3273.95,0,1,0,0,1,0,0,1,0,0,0,1,0,0,0,0
1,0,1,0,31,2929.75,0,1,1,0,1,1,0,1,0,0,0,0,1,1,0,0
0,0,0,0,11,838.7,0,0,1,0,1,0,0,0,0,0,0,0,0,0,1,0
0,0,0,0,18,1443.65,0,0,1,0,0,0,1,0,0,1,0,0,1,0,1,0
0,0,0,0,72,7746.7,0,1,1,0,1,1,0,1,1,1,0,1,1,0,0,0
0,0,0,0,71,6951.15,0,1,1,0,0,1,0,0,1,1,0,0,1,1,0,0
1,0,0,0,5,214.75,1,0,0,0,0,0,1,1,1,0,0,0,0,1,0,0
1,0,1,0,38,2669.45,0,1,0,0,0,0,1,1,0,1,1,0,0,1,0,0
1,0,0,1,5,235.2,0,0,0,0,0,0,0,1,0,0,0,0,1,0,0,0
1,0,0,0,2,92.65,0,0,0,0,0,0,0,0,0,0,0,0,1,0,1,0
0,0,0,0,52,3103.25,0,1,0,0,1,0,1,0,0,0,0,1,0,0,0,0
0,0,0,0,8,606.25,0,1,1,0,0,0,0,0,0,0,0,0,1,0,1,0
0,0,0,0,68,5330.2,0,1,0,0,0,1,1,0,1,1,0,1,1,0,1,0
1,0,1,1,69,1403.1,0,0,0,1,0,0,0,0,0,0,1,0,1,1,0,0
0,0,1,0,42,2727.8,0,1,0,0,1,1,0,1,0,0,0,0,1,1,0,0
0,0,0,0,50,5038.45,0,0,1,0,0,1,0,1,1,1,0,1,1,0,0,1
0,0,0,0,1,19.1,0,0,0,1,0,0,0,0,0,0,0,0,1,0,0,1
1,0,1,0,1,80.3,0,1,1,0,1,0,0,0,0,0,0,0,1,0,1,0
1,0,1,0,33,1462.6,0,0,0,0,0,0,0,0,0,0,0,0,1,1,0,0
0,0,0,0,7,150.6,0,0,0,1,0,0,0,0,0,0,0,0,0,0,0,1
1,0,1,1,64,5960.5,0,1,1,0,1,1,1,0,0,0,0,0,1,0,1,0
0,0,0,0,1,74.9,0,0,1,0,0,0,1,0,0,0,0,0,1,0,1,0
1,0,0,0,59,1192.3,0,0,0,1,0,0,0,0,0,0,0,1,1,0,0,0
0,0,1,0,6,314.55,0,1,0,0,0,0,0,0,0,0,0,0,0,0,1,0
0,0,0,0,3,56,0,0,0,1,0,0,0,0,0,0,0,0,0,0,0,1
0,0,1,0,15,330.8,0,0,0,1,0,0,0,0,0,0,0,0,0,1,0,0
1,0,1,1,13,877.35,0,0,0,0,0,0,0,0,1,1,1,0,1,0,1,0
0,0,0,0,23,2249.1,0,1,1,0,0,1,0,0,1,1,0,0,1,1,0,0
1,0,1,0,31,2807.65,0,1,1,0,1,0,0,0,1,0,0,0,0,0,1,0
1,0,0,0,29,1696.2,0,0,0,0,1,1,0,1,0,0,1,0,1,0,1,0
0,0,1,0,49,1032.05,0,0,0,1,0,0,0,0,0,0,1,0,0,1,0,0
0,0,1,0,56,4902.8,0,1,1,0,0,0,0,0,1,0,0,0,1,0,0,0
0,0,0,0,63,4995.35,0,1,0,0,1,1,1,1,0,1,0,1,1,1,0,0
1,0,1,0,63,5034.05,0,1,0,0,0,0,1,1,1,1,0,1,0,1,0,0
1,0,1,1,24,1857.75,0,1,1,0,1,0,0,0,0,0,0,0,1,0,1,0
1,0,1,0,36,1992.85,0,0,0,0,0,0,1,1,0,0,1,0,0,1,0,0
0,0,0,0,9,751.65,0,0,1,0,0,0,0,0,1,0,0,0,1,0,1,0
1,0,0,0,3,66.95,1,0,0,0,0,0,0,0,0,0,0,0,0,0,1,0
0,0,1,0,21,1714.95,0,0,0,0,1,0,1,1,1,1,1,0,0,0,0,1
1,0,1,1,13,343.6,0,1,0,1,0,0,0,0,0,0,1,0,0,0,0,0
1,0,1,1,1,20.15,0,0,0,1,0,0,0,0,0,0,0,0,1,0,0,0
0,0,1,1,25,520.1,0,0,0,1,0,0,0,0,0,0,1,0,0,0,0,1
1,0,1,1,71,1387.45,0,0,0,1,0,0,0,0,0,0,0,1,1,0,0,0
1,0,0,0,66,7383.7,0,1,1,0,1,1,1,1,1,1,1,0,1,0,0,0
0,0,0,0,45,4483.95,0,0,1,0,1,1,0,0,1,1,1,0,1,0,1,0
0,0,1,0,22,1706.45,0,0,1,0,0,0,0,0,1,0,0,0,1,1,0,0
0,0,1,0,67,1327.4,0,0,0,1,0,0,0,0,0,0,1,0,1,0,0,0
0,0,1,0,68,5974.3,0,1,1,0,0,0,1,0,1,0,0,1,1,0,0,0
0,0,0,0,49,4515.85,0,1,1,0,0,0,1,0,0,1,0,0,1,1,0,0
0,0,0,0,4,179.85,0,1,0,0,0,0,0,0,0,0,0,0,0,0,0,1
1,0,1,0,63,5040.2,0,1,0,0,1,1,1,1,0,1,1,0,0,1,0,0
0,0,1,0,2,165,0,0,1,0,0,1,1,0,0,0,0,0,0,0,0,0
1,0,0,0,21,422.7,0,0,0,1,0,0,0,0,0,0,1,0,1,0,0,1
1,0,1,1,55,3046.4,0,0,0,0,1,1,0,1,0,0,0,1,0,0,0,0
1,0,0,1,1,20.25,0,0,0,1,0,0,0,0,0,0,0,0,1,0,0,1
0,0,0,0,17,358.05,0,0,0,1,0,0,0,0,0,0,0,1,0,0,0,1
1,0,0,0,30,2936.25,0,1,1,0,1,0,0,0,1,1,0,0,1,0,0,0
1,0,1,1,22,1271.8,0,0,0,0,1,1,0,1,0,0,0,0,1,0,0,1
0,0,0,0,9,530.05,0,0,0,0,0,0,0,1,1,0,0,0,1,0,0,0
1,0,1,1,1,19.2,0,0,0,1,0,0,0,0,0,0,0,0,0,0,0,1
0,0,1,0,21,1808.7,0,1,1,0,0,0,0,0,0,1,0,0,1,0,1,0
1,0,0,0,19,1144.6,0,1,0,0,0,0,1,1,0,0,0,0,0,0,1,0
0,0,1,1,69,7446.9,0,1,1,0,0,1,1,0,1,1,0,0,1,0,1,0
1,0,0,0,1,25.1,1,0,0,0,0,0,0,0,0,0,0,0,1,0,1,0
0,0,1,0,72,7556.9,0,1,1,0,1,1,1,1,1,0,0,1,1,0,0,0
1,0,1,1,70,4858.7,0,1,0,0,1,0,1,0,1,0,0,1,0,1,0,0
0,0,0,0,66,6595,0,1,1,0,1,1,1,1,0,1,0,0,1,0,0,0
0,0,1,1,7,149.05,1,0,0,0,0,0,0,0,0,0,0,0,1,0,1,0
0,0,1,1,46,4972.1,0,1,1,0,1,1,0,1,1,1,0,0,1,0,1,0
1,0,0,0,39,1880.85,1,0,0,0,1,1,0,1,1,0,0,0,1,1,0,0
0,0,1,1,32,2045.55,0,1,0,0,0,1,1,0,0,0,0,0,0,0,0,0
1,0,0,0,24,2187.15,0,0,1,0,0,1,1,0,0,1,0,0,1,0,1,0
1,0,1,1,6,477.55,0,0,1,0,0,1,0,0,0,1,0,0,1,1,0,0
0,0,0,0,37,2976.95,0,1,0,0,1,1,1,1,1,0,0,0,1,1,0,0
1,0,0,1,8,178.7,0,0,0,1,0,0,0,0,0,0,0,0,0,0,0,1
0,0,1,1,72,5025.85,0,1,0,0,1,0,1,0,1,0,0,1,1,0,0,0
1,0,1,0,71,3353.4,1,0,0,0,1,1,1,1,0,0,0,1,0,1,0,0
0,0,1,0,16,1461.15,0,0,1,0,0,1,0,0,1,1,0,0,1,0,0,0
0,0,1,0,57,2782.4,1,0,0,0,1,0,1,1,0,1,0,0,1,0,0,0
1,0,0,0,66,1699.15,0,1,0,1,0,0,0,0,0,0,1,0,0,0,0,0
0,0,0,0,17,1496.9,0,0,1,0,0,1,1,0,1,0,0,0,1,0,1,0
0,0,0,1,21,452.2,0,0,0,1,0,0,0,0,0,0,0,0,0,0,0,1
1,0,1,0,66,4428.45,0,1,0,0,1,1,1,0,0,0,0,1,1,1,0,0
0,0,1,0,17,1322.55,0,1,0,0,0,1,0,0,1,1,0,0,1,0,0,0
1,0,0,1,1,70.45,0,0,1,0,0,0,0,0,0,0,0,0,1,0,0,1
1,0,1,0,58,3563.8,0,0,0,0,1,1,1,0,0,0,1,0,0,1,0,0
0,0,1,1,8,139.75,0,0,0,1,0,0,0,0,0,0,0,0,0,1,0,0
1,0,0,0,27,1927.3,0,0,0,0,1,0,1,1,1,0,1,0,0,1,0,0
1,0,1,0,34,3000.25,0,1,1,0,0,1,0,0,0,1,0,0,0,0,0,1
1,0,0,0,30,3021.3,0,0,1,0,0,1,0,0,1,1,1,0,1,0,0,0
1,0,0,0,33,2245.4,0,0,0,0,0,1,1,0,1,0,0,0,1,1,0,0
1,0,0,1,1,24.75,1,0,0,0,0,0,0,0,0,0,0,0,0,0,1,0
1,0,1,1,14,944.65,0,1,0,0,1,1,0,0,0,1,0,0,0,0,0,1
0,0,0,1,16,1264.2,0,1,1,0,0,0,0,1,0,0,1,0,1,1,0,0
0,0,0,0,49,4917.75,0,0,1,0,0,0,1,1,1,1,0,1,0,1,0,0
1,0,1,1,19,2012.7,0,1,1,0,0,0,1,1,1,1,0,0,0,0,1,0
0,0,1,1,70,5743.3,0,1,0,0,1,1,1,1,1,0,0,1,0,0,0,0
0,0,1,1,32,1864.65,0,0,0,0,1,1,0,1,0,0,0,0,0,0,0,0
0,0,0,0,18,1221.65,0,0,1,0,0,0,0,0,0,0,0,0,1,0,1,0
1,0,0,0,37,1390.85,1,0,0,0,1,1,0,1,0,0,0,1,1,0,0,1
0,0,0,0,4,302.35,0,1,1,0,0,0,0,0,0,0,0,0,1,0,1,0
0,0,1,0,16,1374.9,0,1,1,0,1,1,1,0,0,0,0,0,0,0,1,0
1,0,1,0,17,1336.9,0,1,1,0,0,1,0,0,0,0,0,0,1,0,0,0
0,0,0,1,19,1297.8,0,0,0,0,1,1,1,0,0,0,0,0,1,0,1,0
1,0,1,0,60,6067.4,0,1,1,0,0,0,1,0,1,1,0,1,0,1,0,0
1,0,1,1,51,1222.25,0,1,0,1,0,0,0,0,0,0,0,1,1,0,0,1
1,0,1,1,28,487.95,0,0,0,1,0,0,0,0,0,0,0,1,1,1,0,0
1,0,0,0,43,2548.55,0,0,0,0,0,1,0,0,0,1,0,1,1,0,1,0
1,0,1,0,42,835.5,0,0,0,1,0,0,0,0,0,0,0,1,0,0,1,0
1,0,0,0,3,242.05,0,0,1,0,0,0,0,0,1,0,0,0,1,0,1,0
0,0,0,0,1,44.75,0,0,0,0,0,0,0,0,0,0,0,0,0,0,0,1
0,0,0,0,3,63.75,0,0,0,1,0,0,0,0,0,0,0,0,0,0,0,1
0,0,0,0,63,6218.45,0,1,1,0,1,1,1,0,1,0,0,1,0,1,0,0
1,0,0,0,3,260.9,0,0,1,0,0,0,0,0,1,0,0,0,1,0,1,0
1,0,1,0,68,7320.9,0,1,1,0,1,1,0,1,1,1,0,0,1,0,1,0
0,0,0,0,30,2967.35,0,1,1,0,0,1,0,0,1,1,0,0,1,0,1,0
0,0,0,0,60,6333.8,0,1,1,0,0,1,1,0,1,1,0,1,0,0,1,0
1,0,0,0,15,939.7,0,1,0,0,0,1,0,1,0,0,0,0,1,1,0,0
1,0,0,0,45,4200.25,0,1,1,0,0,0,0,0,1,1,0,0,1,0,0,0
0,0,1,0,70,5950.2,0,0,0,0,1,1,1,1,1,1,0,1,0,1,0,0
1,0,1,0,10,1037.75,0,1,1,0,0,0,1,0,1,1,0,0,1,0,1,0
1,0,0,0,4,93.4,0,0,0,1,0,0,0,0,0,0,0,0,0,0,0,1
0,0,0,0,1,50.45,0,0,0,0,0,0,1,0,0,0,0,0,1,0,0,1
0,0,1,0,68,1614.9,0,1,0,1,0,0,0,0,0,0,0,1,1,1,0,0
1,0,1,1,22,1573.95,0,0,1,0,1,0,0,0,0,0,0,0,0,0,0,0
1,0,1,1,38,3624.3,0,1,1,0,0,1,1,0,1,0,0,0,1,0,1,0
0,0,0,0,1,100.25,0,1,1,0,0,1,0,0,1,1,0,0,1,1,0,0
1,0,1,0,18,1468.75,0,0,1,0,0,0,1,1,0,0,0,0,0,0,1,0
1,0,0,0,29,2607.6,0,0,1,0,0,0,0,1,1,1,0,0,1,0,1,0
0,0,0,0,16,1422.1,0,1,1,0,0,0,1,0,0,1,0,0,1,0,1,0
1,0,0,0,1,69.85,0,0,1,0,0,0,0,0,0,0,0,0,1,0,1,0
1,0,0,0,12,858.6,0,0,1,0,1,0,1,0,0,0,0,0,0,0,0,0
1,0,0,0,31,1523.4,1,0,0,0,0,0,1,0,1,1,1,0,1,0,1,0
1,0,0,0,4,324.3,0,0,1,0,0,0,0,0,0,1,0,0,1,0,1,0
0,0,1,0,48,3435.6,0,1,0,0,0,0,1,1,0,1,1,0,1,0,0,1
0,0,0,0,15,399.6,0,1,0,1,0,0,0,0,0,0,0,0,1,1,0,0
1,0,0,0,50,4549.45,0,0,1,0,1,1,1,1,0,0,1,0,1,1,0,0
1,0,0,0,7,322.5,0,0,0,0,0,0,0,0,0,0,0,0,1,0,0,0
1,0,1,0,41,3273.55,0,1,1,0,1,0,1,0,0,0,0,0,1,0,0,0
1,0,1,1,68,5375.15,0,0,1,0,1,0,1,0,0,0,0,1,0,1,0,0
0,0,1,0,26,2510.7,0,1,1,0,0,0,1,0,1,1,0,0,1,0,0,0
1,0,0,0,57,3090.05,1,0,0,0,0,0,1,1,1,1,0,1,0,1,0,0
0,0,0,0,3,61.05,0,0,0,1,0,0,0,0,0,0,0,0,0,0,1,0
0,0,0,0,1,20.9,0,0,0,1,0,0,0,0,0,0,0,0,0,0,0,1
1,0,1,1,19,955.6,0,0,0,0,1,0,0,0,0,0,1,0,1,0,0,0
0,0,0,0,3,140.4,0,0,0,0,0,0,0,0,1,0,0,0,1,0,1,0
0,0,0,0,59,1493.1,0,1,0,1,0,0,0,0,0,0,0,1,0,0,1,0
0,0,1,0,1,69.4,0,0,1,0,0,0,0,0,0,0,0,0,1,0,0,1
1,0,1,0,42,1626.05,1,0,0,0,1,0,0,0,1,0,0,0,1,0,0,0
0,0,0,0,7,541.15,0,1,1,0,0,0,0,0,0,0,0,0,1,0,1,0
1,0,1,0,67,1784.9,0,1,0,1,0,0,0,0,0,0,0,1,0,1,0,0
1,0,0,0,1,70.35,0,0,1,0,0,0,0,0,0,0,0,0,1,0,1,0
1,0,1,0,66,6075.9,0,1,0,0,1,1,1,1,1,1,0,1,0,0,0,0
0,0,0,0,61,5500.6,0,1,1,0,0,0,1,0,0,1,0,0,0,0,0,1
1,0,1,1,4,73.1,0,1,0,1,0,0,0,0,0,0,1,0,0,1,0,0
0,0,1,0,42,3229.4,0,0,1,0,1,0,0,0,0,0,0,0,1,1,0,0
0,0,1,1,64,3399.85,0,1,0,0,0,1,0,0,0,0,1,0,1,0,0,0
0,0,1,0,54,6431.05,0,1,1,0,1,1,1,1,1,1,1,0,1,0,0,0
1,0,0,0,1,19.75,0,0,0,1,0,0,0,0,0,0,0,0,1,1,0,0
1,0,1,1,54,1230.9,0,1,0,1,0,0,0,0,0,0,0,1,1,0,0,0
0,0,0,1,18,454.65,0,1,0,1,0,0,0,0,0,0,0,1,0,1,0,0
1,0,0,0,3,235.05,0,0,1,0,0,1,0,0,0,1,0,0,0,0,1,0
0,0,0,0,1,70.1,0,0,1,0,0,0,0,0,0,0,0,0,1,0,1,0
0,0,1,1,72,6595.9,0,1,0,0,1,1,1,1,1,1,0,1,0,1,0,0
1,0,1,0,60,5867,0,0,1,0,0,1,1,0,1,1,1,0,1,0,1,0
0,0,1,1,11,196.35,0,0,0,1,0,0,0,0,0,0,1,0,1,0,0,1
0,0,0,1,12,909.25,0,1,1,0,1,0,0,0,0,0,0,0,1,0,1,0
1,0,1,1,61,6449.15,0,0,1,0,0,1,1,1,1,1,1,0,0,1,0,0
0,0,0,0,39,762.45,0,0,0,1,0,0,0,0,0,0,0,1,0,1,0,0
1,0,0,0,55,5283.95,0,1,1,0,0,0,0,0,1,1,0,0,1,0,1,0
0,0,0,0,17,1617.5,0,1,1,0,1,1,0,0,1,0,0,0,1,0,1,0
1,0,0,0,37,785.75,0,0,0,1,0,0,0,0,0,0,1,0,0,1,0,0
0,0,1,0,72,1776,0,1,0,1,0,0,0,0,0,0,0,1,1,0,0,1
1,0,1,0,72,5396.25,0,1,0,0,0,1,1,1,1,0,0,1,0,1,0,0
0,0,0,0,8,574.5,0,0,0,0,1,0,0,1,0,1,0,0,0,0,0,0
0,0,1,1,22,400.3,0,0,0,1,0,0,0,0,0,0,0,0,0,0,0,1
0,0,0,0,1,84.3,0,0,1,0,0,1,0,0,1,0,0,0,0,0,1,0
0,0,0,0,38,2656.3,0,1,0,0,0,1,0,1,0,1,0,0,0,1,0,0
1,0,0,1,17,1445.95,0,0,0,0,0,1,1,1,1,1,1,0,0,0,1,0
0,0,0,0,70,5212.65,0,1,0,0,0,1,1,1,1,0,0,1,1,0,0,0
0,0,1,1,72,6440.25,0,1,0,0,1,1,1,1,1,1,0,1,0,1,0,0
0,0,0,0,28,2244.95,0,0,1,0,0,0,0,0,0,1,0,0,1,0,1,0
0,0,0,0,15,1130,0,0,1,0,0,1,0,0,1,0,0,0,1,0,0,0
1,0,1,1,72,6463.15,0,1,0,0,1,1,1,1,1,1,0,1,1,0,0,0
0,0,1,0,11,1131.2,0,1,1,0,0,0,1,0,1,1,0,0,1,0,1,0
1,0,0,0,8,585.95,0,1,1,0,0,0,1,0,0,0,0,0,1,0,1,0
0,0,1,0,57,6252.7,0,1,1,0,0,1,1,1,1,1,1,0,1,0,0,0
1,0,1,1,1,19.95,0,0,0,1,0,0,0,0,0,0,0,0,0,0,0,0
0,0,1,0,46,2062.15,1,0,0,0,1,1,0,0,1,0,0,0,0,0,1,0
1,0,1,0,30,587.1,0,0,0,1,0,0,0,0,0,0,1,0,0,1,0,0
1,0,1,0,10,720.45,0,0,1,0,1,0,0,0,0,0,0,0,0,0,1,0
1,0,1,0,23,2186.4,0,1,1,0,1,1,1,0,1,0,0,0,1,0,1,0
1,0,0,0,32,2979.3,0,0,1,0,1,1,1,0,0,1,0,0,1,1,0,0
1,0,0,0,13,956.65,0,0,1,0,1,0,0,0,0,0,0,0,1,1,0,0
0,0,0,0,39,3201.55,0,0,1,0,0,0,1,1,0,0,0,1,1,0,1,0
0,0,0,0,44,3973.2,0,0,1,0,0,1,1,0,1,0,0,0,1,1,0,0
1,0,0,0,9,447.9,0,0,0,0,0,0,0,1,0,0,0,0,0,0,0,1
0,0,1,0,67,1335.2,0,0,0,1,0,0,0,0,0,0,0,1,0,0,0,1
1,0,1,1,9,661.25,0,1,1,0,0,0,1,0,0,0,0,0,1,0,0,0
0,0,0,0,15,1111.85,0,1,1,0,0,1,0,0,0,0,0,0,1,0,1,0
0,0,1,0,71,7555,0,1,1,0,0,1,1,0,1,1,0,1,1,0,0,0
1,0,0,0,1,49,0,0,0,0,0,0,0,1,0,0,0,0,0,1,0,0
0,0,1,1,30,3046.15,0,1,1,0,0,0,1,0,1,1,0,0,1,0,1,0
1,0,0,0,1,69.35,0,0,1,0,0,0,0,0,0,0,0,0,1,0,1,0
1,0,1,0,17,836.35,1,0,0,0,0,1,0,0,1,1,0,0,1,0,0,1
0,0,0,0,3,272.2,0,0,1,0,0,0,0,1,0,1,0,0,0,0,1,0
1,0,1,1,67,5293.4,0,1,0,0,1,0,1,0,1,1,0,1,1,0,1,0
1,0,0,0,1,20.95,0,0,0,1,0,0,0,0,0,0,0,0,0,0,0,0
0,0,0,0,1,50.55,0,1,0,0,0,0,0,0,0,0,0,0,0,0,0,1
0,0,1,0,32,2570,0,1,1,0,0,0,1,0,0,0,0,0,0,0,0,1
1,0,1,1,41,798.2,0,0,0,1,0,0,0,0,0,0,1,0,0,0,0,0
1,0,1,0,1,80.55,0,0,1,0,0,0,0,0,1,0,0,0,1,0,1,0
0,0,0,0,1,44.15,0,0,0,0,0,0,0,0,0,0,0,0,0,0,0,0
0,0,1,1,12,916.9,0,1,1,0,0,1,1,0,0,0,0,0,1,0,1,0
1,0,1,1,62,6487.2,0,1,1,0,1,1,0,0,1,1,0,0,1,0,1,0
0,0,0,0,22,1855.65,0,0,1,0,0,1,0,0,0,1,0,0,1,0,0,1
0,0,0,1,17,1556.85,0,1,1,0,0,1,1,1,0,0,0,0,1,1,0,0
0,0,1,1,72,1988.05,0,1,0,1,0,0,0,0,0,0,0,1,1,0,0,0
1,0,1,1,56,5432.2,0,1,1,0,0,1,0,1,1,0,0,0,1,1,0,0
0,0,0,0,9,147.55,0,0,0,1,0,0,0,0,0,0,0,0,1,1,0,0
1,0,1,0,72,8424.9,0,1,1,0,1,1,1,1,1,1,0,1,1,0,0,0
1,0,0,0,20,2203.7,0,0,1,0,1,1,1,1,1,1,0,0,1,0,0,0
1,0,1,1,19,387.4,0,0,0,1,0,0,0,0,0,0,0,1,0,0,0,1
1,0,0,0,2,116.65,0,0,1,0,0,0,0,0,0,0,0,0,1,0,1,0
1,0,0,0,53,3045.75,1,0,0,0,0,0,1,1,1,1,1,0,0,1,0,0
0,0,0,0,27,2287.25,0,1,1,0,0,0,0,0,0,1,0,0,1,0,1,0
1,0,0,0,6,130.5,0,0,0,1,0,0,0,0,0,0,0,0,0,0,0,0
1,0,1,1,9,767.9,0,1,1,0,0,0,1,0,1,0,1,0,1,0,1,0
0,0,1,1,8,446.8,0,1,0,0,0,1,0,0,0,0,0,0,0,0,1,0
0,0,1,1,71,8100.25,0,1,1,0,1,1,1,1,1,1,0,1,0,0,0,0
0,0,0,0,10,830.7,0,1,1,0,0,1,0,0,0,0,0,0,1,0,0,0
1,0,0,0,1,20,0,0,0,1,0,0,0,0,0,0,0,0,0,0,0,1
0,0,1,0,71,4689.15,1,0,0,0,1,1,1,1,1,1,1,0,0,0,0,0
1,0,1,0,68,6754.35,0,0,1,0,0,1,0,1,1,1,1,0,1,0,1,0
1,0,0,0,34,3540.65,0,1,1,0,0,1,0,1,1,1,0,0,1,0,1,0
1,0,0,0,26,2184.6,0,0,1,0,0,1,1,1,0,0,1,0,1,0,1,0
0,0,0,0,22,1054.6,0,0,0,0,1,0,0,0,0,0,0,0,1,1,0,0
1,0,0,0,7,130.55,0,0,0,1,0,0,0,0,0,0,0,0,1,0,0,1
0,0,1,0,20,1540.35,0,0,1,0,0,0,0,0,0,0,0,0,1,0,0,0
0,0,1,0,60,6411.25,0,1,1,0,0,1,1,0,1,1,0,0,1,0,1,0
1,0,1,1,72,1432.55,0,0,0,1,0,0,0,0,0,0,0,1,0,0,1,0
0,0,1,0,72,7629.85,0,1,1,0,0,1,1,0,1,1,1,0,1,1,0,0
1,0,0,0,4,101.9,0,1,0,1,0,0,0,0,0,0,0,0,0,0,0,1
1,0,1,1,16,313.4,0,0,0,1,0,0,0,0,0,0,0,0,0,0,1,0
0,0,1,0,62,6312.9,0,1,1,0,1,0,1,0,1,1,1,0,1,0,1,0
0,0,0,0,10,629.55,0,0,0,0,0,0,0,1,0,1,0,0,1,0,0,1
1,0,0,0,31,2640.55,0,1,1,0,0,1,0,0,0,0,0,0,1,0,1,0
0,0,1,0,71,1372.45,0,0,0,1,0,0,0,0,0,0,0,1,0,1,0,0
1,0,0,0,58,1212.25,0,0,0,1,0,0,0,0,0,0,0,1,0,0,0,1
1,0,1,1,70,6237.05,0,1,0,0,1,1,1,1,1,1,0,1,1,1,0,0
0,0,1,0,71,6310.9,0,1,0,0,1,1,1,1,1,1,0,1,0,0,1,0
1,0,0,0,69,5031,0,1,0,0,1,0,1,1,0,1,0,1,0,1,0,0
0,0,0,0,1,85.05,0,1,1,0,0,0,0,0,0,1,0,0,1,0,1,0
0,0,1,1,72,8672.45,0,1,1,0,1,1,1,1,1,1,0,1,1,0,0,0
0,0,1,0,26,2196.45,0,0,1,0,0,0,0,1,0,1,0,0,0,1,0,0
0,0,1,0,33,3008.15,0,1,1,0,0,0,1,1,0,1,0,0,1,1,0,0
0,0,1,1,10,220.8,0,0,0,1,0,0,0,0,0,0,0,1,0,0,0,1
0,0,0,0,57,5779.6,0,1,1,0,1,0,1,1,0,1,0,1,0,1,0,0
0,0,0,0,10,222.65,0,0,0,1,0,0,0,0,0,0,0,0,1,0,1,0
0,0,1,1,39,914.6,0,1,0,1,0,0,0,0,0,0,1,0,1,0,0,1
0,0,0,0,11,246.3,0,0,0,1,0,0,0,0,0,0,0,0,0,0,0,0
0,0,1,1,21,2110.15,0,0,1,0,0,1,1,1,1,1,0,0,1,0,1,0
0,0,1,1,68,5560,0,1,0,0,0,1,1,1,1,1,0,1,0,0,0,0
1,0,0,0,18,1633,0,1,1,0,0,0,1,0,1,0,1,0,1,1,0,0
0,0,0,0,6,547.65,0,0,1,0,0,0,1,1,1,1,0,0,1,0,0,1
1,0,0,0,18,969.85,0,1,0,0,1,0,0,0,0,0,0,0,0,0,0,1
0,0,1,1,52,2610.65,0,0,0,0,0,0,1,0,0,0,1,0,1,0,0,0
1,0,1,1,56,6567.9,0,1,1,0,1,1,1,1,1,1,0,1,0,0,0,1
1,0,0,0,45,4747.85,0,1,1,0,0,0,1,1,1,1,0,0,1,0,0,0
0,0,0,0,67,1759.55,0,1,0,1,0,0,0,0,0,0,0,1,1,0,0,1
1,0,1,0,3,101.1,1,0,0,0,1,0,0,1,0,0,0,0,0,0,0,1
1,0,0,0,65,6496.15,0,0,1,0,0,1,1,0,1,1,0,0,1,0,0,0
1,0,1,0,63,4234.15,0,1,0,0,0,1,0,1,0,1,0,1,0,0,0,1
0,0,1,1,11,300.7,0,1,0,1,0,0,0,0,0,0,0,1,0,0,0,1
1,0,0,1,1,59.55,0,0,0,0,0,0,0,1,0,1,0,0,1,0,0,1
1,0,0,0,55,4323.35,0,1,0,0,0,0,1,0,1,1,0,1,1,0,0,0
1,0,1,1,25,1466.1,0,1,0,0,0,0,0,1,0,0,1,0,1,0,0,1
1,0,1,0,72,8684.8,0,1,1,0,1,1,1,1,1,1,1,0,1,0,0,0
0,0,1,0,72,1776.45,0,1,0,1,0,0,0,0,0,0,0,1,1,1,0,0
0,0,0,1,65,2933.95,1,0,0,0,0,1,0,1,1,0,0,1,0,0,0,1
0,0,0,0,54,4370.25,0,1,1,0,0,1,0,0,0,0,0,0,1,0,1,0
1,0,1,1,7,144.35,0,0,0,1,0,0,0,0,0,0,0,0,0,0,0,1
0,0,1,0,72,4804.75,0,1,0,0,1,1,0,1,0,0,0,1,0,0,0,0
1,0,1,0,21,1125.2,0,0,0,0,0,0,0,0,1,0,0,0,0,0,0,0
0,0,0,0,2,39.85,0,0,0,1,0,0,0,0,0,0,0,0,1,0,0,0
1,0,0,0,4,422.4,0,0,1,0,0,0,1,0,1,1,0,0,1,0,1,0
1,0,1,0,3,251.75,0,1,1,0,0,0,0,1,0,0,0,0,1,0,0,0
1,0,1,0,72,8332.15,0,1,1,0,1,1,1,1,1,1,0,1,0,1,0,0
0,0,0,0,6,314.6,0,0,0,0,1,0,0,0,0,0,0,0,1,0,1,0
1,0,0,0,52,4331.4,0,0,1,0,0,0,1,0,0,1,0,0,1,1,0,0
1,0,1,0,69,6382,0,1,1,0,0,1,1,0,0,1,0,0,1,0,0,0
1,0,0,0,8,740.3,0,0,1,0,0,0,1,0,1,1,0,0,1,0,1,0
0,0,0,0,8,600.15,0,0,1,0,0,0,1,0,0,0,0,0,1,0,0,0
0,0,0,0,63,5538.8,0,1,1,0,0,0,1,0,0,1,0,0,1,0,0,0
1,0,0,0,60,7049.5,0,1,1,0,1,1,1,1,1,1,1,0,1,1,0,0
0,0,1,0,12,690.5,0,0,0,0,1,0,0,1,0,0,0,0,0,0,0,0
0,0,0,0,13,279.3,0,0,0,1,0,0,0,0,0,0,0,0,1,0,0,1
1,0,0,0,22,1427.55,0,1,0,0,1,1,1,0,0,0,0,0,0,0,0,1
1,0,0,0,5,452.7,0,1,1,0,0,0,1,0,1,0,0,0,1,0,1,0
0,0,1,1,1,19.45,0,0,0,1,0,0,0,0,0,0,0,0,0,0,0,1
0,0,1,1,72,1709.15,0,1,0,1,0,0,0,0,0,0,0,1,1,0,0,0
0,0,0,0,2,53.15,0,0,0,1,0,0,0,0,0,0,0,0,0,0,0,0
0,0,1,1,40,777.35,0,0,0,1,0,0,0,0,0,0,0,1,0,0,0,0
1,0,1,1,44,860.85,0,0,0,1,0,0,0,0,0,0,1,0,0,0,0,0
1,0,1,0,71,5012.1,0,0,0,0,1,1,0,1,1,0,1,0,1,0,0,0
0,0,0,0,2,166.3,0,1,1,0,0,0,0,0,0,0,0,0,1,0,1,0
1,0,0,0,26,2404.1,0,1,1,0,0,0,0,0,1,1,0,0,1,0,1,0
1,0,1,1,1,70,0,0,1,0,0,0,0,0,0,0,0,0,1,0,1,0
0,0,0,0,1,24.4,1,0,0,0,0,0,0,0,0,0,0,0,0,0,0,1
1,0,1,1,65,4820.15,0,0,0,0,1,0,0,1,1,1,0,1,1,0,0,0
1,0,0,0,3,209.9,0,1,0,0,0,0,0,1,1,0,0,0,1,0,0,1
1,0,0,0,13,610.75,0,0,0,0,0,0,0,1,0,0,0,0,1,0,0,1
0,0,1,0,33,3409.6,0,1,1,0,0,1,1,0,1,1,0,0,1,0,1,0
0,0,0,0,1,70.7,0,0,1,0,0,0,0,0,0,0,0,0,1,0,0,1
1,0,1,1,4,155.35,0,0,0,0,0,0,0,0,0,0,0,0,0,0,0,1
1,0,0,0,2,144,0,0,1,0,0,0,0,0,0,0,0,0,1,0,1,0
1,0,1,0,72,7875,0,1,1,0,1,1,0,1,1,1,0,1,1,1,0,0
0,0,1,1,37,911.6,0,1,0,1,0,0,0,0,0,0,0,0,0,0,0,1
0,0,0,0,15,1270.2,0,0,1,0,1,0,0,0,1,0,0,0,0,0,1,0
0,0,0,0,23,478.1,0,0,0,1,0,0,0,0,0,0,1,0,1,1,0,0
0,0,1,1,30,1561.5,1,0,0,0,0,0,0,1,1,1,0,0,0,1,0,0
0,0,1,1,42,761.85,0,0,0,1,0,0,0,0,0,0,1,0,1,0,1,0
0,0,0,0,32,2282.95,0,1,0,0,1,0,0,0,1,1,1,0,0,0,0,1
0,0,1,1,22,1615.1,0,1,1,0,0,0,0,0,0,0,0,0,1,0,0,0
1,0,1,0,42,1097.15,1,0,0,0,0,0,0,0,0,0,0,0,1,1,0,0
0,0,0,0,8,369.3,0,0,0,0,0,0,0,0,0,0,0,0,0,0,0,1
0,0,1,1,65,6725.3,0,1,1,0,1,0,1,0,1,1,0,1,1,1,0,0
0,0,0,0,2,31.55,0,0,0,1,0,0,0,0,0,0,0,0,0,0,0,1
0,0,1,1,70,6293.2,0,1,0,0,1,1,1,1,1,1,0,1,1,0,0,0
1,0,0,1,22,432.5,0,0,0,1,0,0,0,0,0,0,0,0,0,1,0,0
0,0,0,0,4,321.75,0,1,1,0,0,0,0,0,0,0,0,0,1,0,1,0
0,0,0,0,2,147.15,0,1,1,0,0,0,0,0,0,0,0,0,0,1,0,0
0,0,1,1,67,2434.45,1,0,0,0,1,1,0,0,0,0,0,1,0,0,0,0
0,0,0,0,25,532.1,0,0,0,1,0,0,0,0,0,0,0,0,1,1,0,0
0,0,1,0,20,375.25,0,0,0,1,0,0,0,0,0,0,0,0,0,0,0,0
0,0,0,1,2,125.95,0,0,0,0,1,0,0,0,0,1,0,0,1,1,0,0
1,0,0,0,51,1042.65,0,0,0,1,0,0,0,0,0,0,0,1,0,0,0,1
0,0,1,1,46,1620.25,1,0,0,0,1,1,0,0,0,0,0,0,0,0,0,0
0,0,0,0,25,2387.75,0,1,1,0,0,1,0,0,1,1,0,0,1,0,1,0
1,0,0,1,13,659.35,0,0,0,0,0,0,0,0,0,0,0,0,0,0,0,1
0,0,0,0,25,2660.2,0,1,1,0,1,1,0,0,1,1,0,0,1,0,0,1
1,0,1,1,26,1285.8,0,0,0,0,0,0,1,0,0,0,1,0,0,0,0,1
1,0,0,0,43,4211.55,0,1,1,0,0,0,0,1,1,1,1,0,1,0,1,0
1,0,0,1,19,377.55,0,0,0,1,0,0,0,0,0,0,0,0,1,0,1,0
1,0,1,0,10,990.9,0,0,1,0,0,1,0,1,1,1,0,0,1,0,1,0
0,0,0,1,2,193.8,0,1,1,0,0,0,0,0,1,1,0,0,1,0,0,0
0,0,1,0,72,6058.95,0,1,0,0,1,1,0,1,1,1,0,1,1,0,0,0
1,0,0,0,18,964.9,0,1,0,0,1,1,0,0,0,0,0,0,1,1,0,0
1,0,0,0,9,790.15,0,1,1,0,0,0,0,0,0,1,0,0,1,0,1,0
0,0,0,0,27,2467.75,0,1,1,0,0,0,1,0,0,1,0,0,0,1,0,0
1,0,0,0,24,2322.85,0,1,1,0,0,0,0,0,1,1,0,0,1,0,1,0
1,0,0,0,69,7262,0,0,1,0,0,1,1,1,1,1,1,0,1,0,0,0
0,0,1,0,46,4854.3,0,1,1,0,0,1,1,1,1,1,0,1,1,1,0,0
0,0,0,0,72,7748.75,0,1,1,0,1,1,1,1,0,1,0,1,1,0,0,0
1,0,1,0,22,1914.9,0,0,1,0,0,0,1,0,1,1,0,0,1,1,0,0
0,0,1,0,70,6470.1,0,1,1,0,1,0,0,0,0,1,0,0,1,0,1,0
0,0,0,0,2,57.4,0,0,0,1,0,0,0,0,0,0,0,0,0,0,1,0
1,0,1,0,31,2019.8,0,0,0,0,0,0,1,1,0,1,0,0,1,1,0,0
0,0,1,0,56,5688.05,0,1,1,0,0,0,1,0,1,1,0,0,1,0,0,0
0,0,1,1,16,1522.7,0,0,1,0,1,0,1,0,1,1,0,0,0,0,0,0
1,0,0,1,52,1334.5,0,1,0,1,0,0,0,0,0,0,0,1,0,1,0,0
1,0,1,1,13,252,0,0,0,1,0,0,0,0,0,0,0,0,1,0,0,1
0,0,0,0,35,700.45,0,0,0,1,0,0,0,0,0,0,1,0,0,0,0,1
0,0,0,0,59,5655.45,0,0,1,0,0,0,1,0,1,1,0,1,0,0,1,0
1,0,1,0,72,6747.35,0,0,1,0,0,0,1,0,1,1,0,0,1,0,1,0
0,0,1,0,66,5265.1,0,1,0,0,0,1,1,0,1,1,0,1,1,0,0,0
0,0,1,0,49,5174.35,0,1,1,0,1,1,1,1,0,1,0,1,0,1,0,0
0,0,0,0,2,105.6,0,0,0,0,0,0,0,0,0,0,0,0,1,0,0,1
1,0,0,0,21,2271.85,0,1,1,0,0,1,1,0,1,1,0,0,1,0,1,0
1,0,0,0,54,2966.95,1,0,0,0,0,1,1,0,1,1,1,0,1,0,1,0
1,0,1,0,24,1772.25,0,1,1,0,1,0,0,0,0,0,0,0,1,0,1,0
1,0,0,0,1,61.15,0,1,0,0,1,1,0,0,0,0,0,0,0,0,1,0
1,0,0,0,6,494.95,0,0,1,0,1,1,0,0,0,0,0,0,1,0,1,0
0,0,0,0,1,44.45,0,0,0,0,0,0,0,0,0,0,0,0,1,0,0,1
1,0,0,1,49,5290.45,0,1,1,0,1,1,1,0,1,1,1,0,1,1,0,0
0,0,1,1,56,3346.8,0,0,0,0,1,1,1,0,0,0,0,1,1,1,0,0
0,0,0,0,56,5219.65,0,1,1,0,1,1,0,0,0,1,0,0,1,0,1,0
0,0,1,1,6,217.5,1,0,0,0,0,1,1,1,0,0,0,1,0,0,0,1
1,0,0,0,32,607.7,0,0,0,1,0,0,0,0,0,0,1,0,0,0,0,1
1,0,1,1,50,5431.4,0,1,1,0,1,1,1,0,1,1,1,0,1,0,1,0
1,0,1,1,58,6004.85,0,1,1,0,0,0,1,1,1,1,1,0,1,0,0,0
0,0,1,1,65,5957.9,0,1,0,0,1,1,1,1,1,1,0,1,1,0,0,1
0,0,0,0,64,5442.05,0,1,0,0,1,1,1,1,1,1,0,1,1,1,0,0
0,0,1,0,66,4370.25,0,1,0,0,1,1,1,0,0,0,0,1,0,0,0,0
1,0,1,0,38,4428.6,0,1,1,0,1,0,1,1,1,1,1,0,1,0,1,0
0,0,1,0,20,416.45,0,0,0,1,0,0,0,0,0,0,1,0,1,0,0,1
1,0,0,0,36,3067.2,0,1,1,0,0,0,0,0,0,1,0,0,1,0,1,0
1,0,0,0,64,6688.1,0,1,1,0,0,0,1,1,1,1,1,0,0,0,1,0
1,0,0,0,1,20.25,0,0,0,1,0,0,0,0,0,0,0,0,0,0,0,1
0,0,0,0,60,4224.7,0,0,0,0,0,1,1,1,1,0,1,0,1,1,0,0
1,0,0,0,1,74.35,0,0,1,0,0,1,0,0,0,0,0,0,1,0,1,0
0,0,1,1,50,4042.2,0,1,0,0,1,1,1,1,0,1,1,0,1,0,0,0
1,0,0,0,1,62.05,0,1,0,0,0,0,1,1,0,0,0,0,0,0,0,1
0,0,1,0,72,3580.95,1,0,0,0,1,1,1,0,0,1,0,1,1,0,1,0
1,0,1,0,60,1198.8,0,0,0,1,0,0,0,0,0,0,0,1,1,0,0,0
1,0,0,0,46,1755.35,1,0,0,0,1,0,1,1,0,0,0,1,0,0,0,1
0,0,1,1,69,3772.5,1,0,0,0,0,1,1,0,1,1,0,1,1,1,0,0
1,0,0,0,31,2877.95,0,1,1,0,0,0,1,1,1,0,0,0,1,0,0,0
1,0,1,1,19,357.7,0,0,0,1,0,0,0,0,0,0,1,0,0,0,0,1
0,0,1,1,71,1397.3,0,0,0,1,0,0,0,0,0,0,0,1,0,1,0,0
1,0,1,0,12,959.9,0,0,1,0,1,1,1,0,0,0,0,0,1,0,1,0
1,0,1,1,39,3182.95,0,0,0,0,1,0,1,1,1,1,1,0,0,1,0,0
1,0,0,0,44,3704.15,0,1,0,0,0,1,1,1,1,1,1,0,1,0,0,0
0,0,1,1,56,4620.4,0,1,0,0,1,1,1,1,1,0,0,1,0,1,0,0
0,0,1,0,72,8312.75,0,1,1,0,1,1,1,1,1,1,0,1,1,0,0,0
1,0,0,0,5,541.9,0,1,1,0,0,1,1,0,1,1,0,0,0,0,0,1
0,0,0,0,11,929.3,0,1,1,0,1,0,0,0,0,0,0,0,1,0,0,0
1,0,1,0,24,971.3,1,0,0,0,1,0,0,0,0,1,0,0,0,0,0,0
0,0,1,0,15,1285.05,0,0,1,0,0,1,0,0,1,1,0,0,1,0,1,0
1,0,0,0,72,1521.2,0,0,0,1,0,0,0,0,0,0,0,1,1,0,0,1
1,0,1,0,56,3389.25,0,1,0,0,0,1,1,0,0,0,0,1,0,1,0,0
1,0,0,0,64,1198.05,0,0,0,1,0,0,0,0,0,0,0,1,1,0,0,0
0,0,1,0,34,3414.65,0,1,1,0,0,0,1,0,1,1,0,0,1,0,1,0
1,0,0,0,2,162.45,0,1,1,0,0,0,0,0,0,0,0,0,1,0,1,0
1,0,0,0,35,754,0,0,0,1,0,0,0,0,0,0,1,0,0,0,0,0
1,0,0,0,22,467.15,0,0,0,1,0,0,0,0,0,0,1,0,0,1,0,0
1,0,0,0,5,216.9,0,0,0,0,0,0,0,1,0,0,0,0,1,0,1,0
1,0,0,0,9,373,1,0,0,0,1,1,1,0,0,0,1,0,0,0,0,1
1,0,0,0,11,245.2,0,1,0,1,0,0,0,0,0,0,0,0,0,1,0,0
1,0,0,0,23,481.1,0,0,0,1,0,0,0,0,0,0,1,0,0,0,0,1
0,0,1,1,4,302.75,0,0,1,0,0,0,0,0,0,1,0,0,0,0,1,0
1,0,1,0,68,1728.2,0,1,0,1,0,0,0,0,0,0,0,1,0,0,0,0
1,0,1,0,33,2964.05,0,0,1,0,0,0,0,0,1,1,0,0,0,0,1,0
1,0,0,0,31,2156.25,0,0,0,0,1,1,1,1,1,0,0,0,1,0,0,0
1,0,0,0,1,60.1,0,1,0,0,0,1,0,1,0,0,0,0,0,0,0,1
0,0,0,0,56,1051.9,0,0,0,1,0,0,0,0,0,0,0,1,0,0,0,0
1,0,0,0,1,78.95,0,0,1,0,0,0,0,0,1,0,0,0,1,0,1,0
1,0,1,1,66,5013,0,0,0,0,1,1,1,1,1,0,1,0,1,0,1,0
1,0,1,1,72,1738.9,0,1,0,1,0,0,0,0,0,0,0,1,0,0,0,0
1,0,0,0,34,2275.1,0,0,1,0,0,0,0,0,0,0,0,0,0,1,0,0
0,0,1,1,58,5511.65,0,0,1,0,0,1,1,0,1,0,0,0,1,0,1,0
1,0,0,0,2,98.5,0,0,0,0,0,0,0,0,0,0,0,0,1,0,1,0
1,0,0,0,37,1316.9,1,0,0,0,0,0,0,0,1,0,0,1,0,1,0,0
0,0,0,0,71,7993.3,0,1,1,0,1,1,1,1,1,1,0,1,1,1,0,0
1,0,1,1,1,19.85,0,0,0,1,0,0,0,0,0,0,1,0,0,1,0,0
1,0,1,1,71,1388.45,0,0,0,1,0,0,0,0,0,0,0,1,0,1,0,0
1,0,1,1,35,666,0,0,0,1,0,0,0,0,0,0,1,0,0,0,1,0
0,0,1,1,6,94.45,0,0,0,1,0,0,0,0,0,0,1,0,0,0,0,1
0,0,0,0,3,244.65,0,0,1,0,0,0,0,0,1,0,0,0,1,0,1,0
0,0,1,1,69,4134.7,0,0,0,0,0,1,1,1,0,0,1,0,0,0,0,0
1,0,0,0,44,2375.4,1,0,0,0,0,1,1,0,1,1,1,0,1,0,0,1
0,0,1,0,53,4862.5,0,1,1,0,0,0,0,1,0,1,1,0,1,0,1,0
0,0,1,0,24,2431.35,0,0,1,0,0,1,1,0,1,1,0,0,1,1,0,0
0,0,1,0,5,351.5,0,0,1,0,0,0,0,0,0,0,0,0,1,0,1,0
0,0,0,1,2,106.2,0,0,0,0,0,1,0,0,0,0,0,0,0,0,0,1
1,0,0,1,62,1413,0,1,0,1,0,0,0,0,0,0,0,1,1,0,0,1
0,0,1,0,19,1743.05,0,0,1,0,0,0,1,0,1,1,0,0,1,0,1,0
1,0,0,0,9,657.5,0,0,1,0,0,0,0,0,0,0,0,0,0,0,0,1
1,0,0,0,53,1050.5,0,0,0,1,0,0,0,0,0,0,0,1,0,1,0,0
1,0,0,0,5,426.35,0,0,1,0,0,0,0,0,0,1,0,0,0,0,0,1
0,0,1,1,71,4982.5,0,1,0,0,1,1,0,0,1,0,1,0,0,0,1,0
0,0,0,0,1,19.55,0,0,0,1,0,0,0,0,0,0,0,0,1,0,0,1
1,0,0,0,18,1451.9,0,1,1,0,0,1,0,0,0,0,0,0,1,0,1,0
1,0,0,0,72,7634.8,0,1,1,0,0,1,1,0,1,1,0,1,1,0,1,0
0,0,1,0,4,235.05,0,0,0,0,1,1,0,0,0,0,0,0,0,0,0,1
1,0,0,0,59,3116.15,0,1,0,0,0,0,1,0,0,0,0,1,0,1,0,0
0,0,0,0,1,71.1,0,0,1,0,0,0,0,0,0,0,0,0,0,0,0,1
0,0,1,0,31,2633.4,0,1,1,0,0,0,0,0,0,1,0,0,1,0,1,0
1,0,1,0,3,49.65,0,0,0,1,0,0,0,0,0,0,0,0,0,0,0,0
0,0,1,0,65,6979.8,0,1,1,0,0,1,1,0,1,1,1,0,1,0,1,0
1,0,1,0,49,4920.8,0,0,1,0,0,0,1,1,1,1,1,0,1,1,0,0
1,0,0,0,2,46.35,0,0,0,1,0,0,0,0,0,0,0,0,0,0,0,1
0,0,1,0,53,1021.8,0,0,0,1,0,0,0,0,0,0,1,0,0,0,0,0
0,0,1,0,55,5276.1,0,0,1,0,1,0,0,0,1,1,1,0,1,0,1,0
1,0,1,1,72,8289.2,0,1,1,0,1,1,1,1,1,1,0,1,1,1,0,0
0,0,0,0,36,2659.45,0,1,1,0,0,0,0,0,0,0,0,0,1,0,0,0
0,0,1,1,10,196.75,0,0,0,1,0,0,0,0,0,0,0,0,1,0,0,0
1,0,0,0,1,94,0,1,1,0,0,0,0,0,1,1,0,0,1,0,1,0
0,0,1,1,72,5824.75,0,1,0,0,1,1,1,1,0,1,0,1,0,0,0,0
0,0,0,0,28,1517.5,0,0,0,0,0,1,0,1,0,0,0,0,0,0,0,0
1,0,1,0,38,3479.05,0,1,1,0,1,0,0,0,1,0,0,0,0,0,0,0
0,0,0,0,61,7365.7,0,1,1,0,1,1,1,1,1,1,1,0,1,0,1,0
1,0,1,1,52,1331.05,0,1,0,1,0,0,0,0,0,0,0,1,0,0,0,1
1,0,0,0,67,1195.95,0,0,0,1,0,0,0,0,0,0,1,0,1,0,0,1
0,0,0,1,34,3946.9,0,1,1,0,1,1,1,1,1,1,0,1,1,1,0,0
0,0,0,0,54,4299.95,0,0,0,0,1,0,1,1,1,1,0,1,0,0,1,0
0,0,1,0,1,20.3,0,0,0,1,0,0,0,0,0,0,0,0,1,0,0,0
0,0,0,0,15,1424.95,0,1,1,0,0,1,0,0,0,1,0,0,0,0,1,0
0,0,0,0,4,193.6,0,0,0,0,0,0,0,0,0,0,0,0,1,0,0,1
0,0,0,0,9,620.55,0,0,0,0,0,1,0,1,1,0,0,0,0,0,0,1
0,0,0,1,46,4391.25,0,0,1,0,0,1,1,0,1,1,0,0,1,0,1,0
0,0,0,0,22,1993.8,0,1,1,0,0,0,0,1,1,0,0,0,1,0,1,0
1,0,0,0,38,2597.6,0,0,1,0,0,0,0,0,0,0,1,0,1,0,0,0
0,0,1,1,55,4213.9,0,1,0,0,1,1,0,1,1,0,1,0,1,1,0,0
0,0,0,0,1,19.9,0,0,0,1,0,0,0,0,0,0,0,0,0,0,0,1
1,0,1,0,64,5017.7,0,0,1,0,1,0,1,0,0,0,1,0,0,1,0,0
1,0,0,1,53,1052.35,0,0,0,1,0,0,0,0,0,0,0,1,0,0,0,0
0,0,1,0,58,4916.4,0,1,0,0,1,0,1,1,1,1,0,1,1,0,1,0
1,0,1,0,56,2959.8,1,0,0,0,0,0,1,1,1,1,1,0,1,0,0,0
1,0,1,1,72,7559.55,0,0,1,0,1,0,1,1,1,1,0,1,1,1,0,0
1,0,0,0,1,53.95,0,0,0,0,1,0,0,1,0,0,0,0,1,0,1,0
1,0,1,0,72,7133.1,0,1,1,0,0,1,0,0,1,1,1,0,1,1,0,0
1,0,0,0,22,1799.3,0,1,1,0,0,0,0,0,0,1,0,0,0,0,1,0
0,0,0,0,8,829.55,0,1,1,0,0,1,1,0,1,1,0,0,1,0,1,0
0,0,0,1,16,1312.15,0,0,1,0,0,0,0,0,1,0,0,0,1,0,1,0
0,0,0,0,39,1597.05,1,0,0,0,0,1,1,1,0,0,0,0,0,0,0,0
0,0,0,0,12,524.35,0,0,0,0,0,0,0,0,0,0,0,0,1,0,0,0
1,0,1,0,54,4191.45,0,0,0,0,1,1,0,0,1,1,0,1,1,0,0,0
0,0,0,0,18,711.95,1,0,0,0,1,1,0,1,0,0,1,0,1,0,0,1
1,0,1,0,32,2201.75,0,0,0,0,1,1,0,1,0,1,1,0,0,0,0,1
0,0,0,0,41,806.95,0,0,0,1,0,0,0,0,0,0,1,0,1,0,0,1
1,0,1,1,67,1620.45,0,1,0,1,0,0,0,0,0,0,0,1,0,0,0,0
1,0,1,0,65,6812.95,0,1,1,0,1,0,1,0,1,1,0,0,1,0,1,0
0,0,0,0,25,1837.9,0,1,0,0,1,1,1,1,1,0,0,0,1,0,0,0
0,0,1,1,1,69.8,0,0,1,0,0,0,0,0,0,0,0,0,1,0,1,0
0,0,1,0,67,7344.45,0,1,1,0,0,1,1,1,1,1,1,0,1,1,0,0
1,0,0,0,7,545.15,0,1,1,0,0,0,0,0,0,0,0,0,0,0,0,1
0,0,0,0,43,1500.25,1,0,0,0,1,1,0,0,0,0,0,0,1,1,0,0
0,0,0,0,24,2283.15,0,0,1,0,1,0,0,0,1,1,0,0,1,0,1,0
1,0,0,0,9,494.05,0,1,0,0,1,0,0,0,0,0,0,0,0,0,1,0
1,0,1,1,69,1376.5,0,0,0,1,0,0,0,0,0,0,0,1,0,0,0,0
0,0,0,1,37,755.4,0,0,0,1,0,0,0,0,0,0,1,0,0,0,0,0
1,0,1,1,20,825.4,1,0,0,0,1,0,1,1,0,0,0,1,1,1,0,0
1,0,0,0,7,488.65,0,0,1,0,0,0,0,0,0,0,0,0,0,0,0,0
0,0,0,0,37,2841.55,0,1,1,0,0,0,0,0,0,0,0,0,1,0,1,0
0,0,0,0,5,486.85,0,1,1,0,0,0,0,0,1,1,0,0,1,0,0,1
1,0,0,0,41,2075.1,1,0,0,0,0,0,1,0,1,1,1,0,1,0,1,0
0,0,0,0,54,5299.65,0,0,1,0,1,1,0,0,1,1,1,0,1,1,0,0
0,0,0,0,3,204.7,0,0,1,0,0,0,0,0,0,0,0,0,1,0,1,0
1,0,0,0,69,1356.3,0,0,0,1,0,0,0,0,0,0,0,1,0,1,0,0
0,0,0,0,53,5042.75,0,0,1,0,0,1,1,1,0,1,1,0,1,1,0,0
1,0,1,1,18,812.4,1,0,0,0,0,1,1,0,1,0,1,0,0,1,0,0
1,0,1,0,64,6605.55,0,0,1,0,1,1,0,1,1,1,0,1,1,1,0,0
0,0,1,1,31,2995.45,0,1,1,0,0,1,0,0,0,1,0,0,1,0,1,0
0,0,0,0,20,505.95,1,0,0,0,0,0,0,0,0,0,0,0,0,1,0,0
1,0,1,1,57,3509.4,0,0,0,0,1,1,0,1,0,0,1,0,0,0,0,1
1,0,1,0,63,6991.9,0,1,1,0,1,1,1,0,1,1,0,1,0,1,0,0
1,0,1,1,13,590.35,1,0,0,0,1,1,0,1,0,0,0,1,0,0,0,1
0,0,1,0,48,2789.7,0,0,0,0,0,1,0,0,0,1,1,0,1,0,0,0
0,0,0,0,2,137.95,0,0,1,0,0,0,0,0,0,0,0,0,1,0,1,0
1,0,1,1,57,1123.15,0,0,0,1,0,0,0,0,0,0,0,1,0,0,0,1
1,0,1,0,71,7953.25,0,1,1,0,0,1,1,1,1,1,1,0,1,0,0,0
0,0,1,1,7,349.8,0,1,0,0,0,0,0,0,0,0,0,0,0,0,1,0
0,0,0,0,16,1067.05,0,1,0,0,0,0,0,0,0,1,0,0,1,0,0,0
1,0,1,0,34,3527.3,0,1,1,0,0,0,1,0,1,1,0,0,0,0,1,0
0,0,1,0,37,3762,0,1,1,0,0,0,1,0,1,1,0,0,1,0,1,0
1,0,0,0,16,1248.9,0,1,1,0,0,1,0,0,0,0,0,0,1,0,0,1
1,0,0,1,48,3035.35,0,1,0,0,1,1,1,0,0,0,1,0,1,0,0,0
1,0,1,1,58,4300.8,0,0,0,0,0,1,0,1,1,1,1,0,1,1,0,0
0,0,1,0,72,6065.3,0,1,0,0,1,0,1,1,1,1,0,1,1,0,0,0
0,0,0,0,7,144.95,0,0,0,1,0,0,0,0,0,0,0,0,0,0,0,1
0,0,0,0,38,3233.6,0,0,1,0,1,1,1,0,0,0,0,0,1,1,0,0
0,0,1,0,48,5438.9,0,1,1,0,1,1,1,1,1,1,0,0,0,0,1,0
1,0,0,0,10,1081.45,0,0,1,0,1,1,1,0,1,1,0,0,1,0,1,0
0,0,0,0,30,2308.6,0,0,0,0,1,1,1,1,1,0,1,0,0,1,0,0
1,0,1,0,31,1882.8,0,1,0,0,0,0,0,0,1,0,0,0,1,1,0,0
0,0,0,0,46,3255.35,0,1,0,0,0,0,1,1,0,1,1,0,1,1,0,0
1,0,1,0,50,1067.65,0,0,0,1,0,0,0,0,0,0,0,1,0,0,0,1
1,0,1,0,28,2065.4,0,0,1,0,0,0,0,1,0,0,0,0,0,0,0,0
0,0,0,0,66,4136.4,1,0,0,0,1,1,1,1,1,1,0,1,1,0,0,0
1,0,0,0,8,221.9,1,0,0,0,0,0,1,0,0,0,0,0,1,0,1,0
0,0,1,1,41,3848,0,0,1,0,0,0,1,0,1,1,0,0,1,0,0,0
1,0,1,0,72,8022.85,0,1,1,0,0,1,1,1,1,1,0,1,1,0,0,0
0,0,0,0,7,173.15,0,0,0,1,0,0,0,0,0,0,1,0,0,0,0,1
0,0,1,1,38,781.25,0,0,0,1,0,0,0,0,0,0,0,0,0,0,0,1
1,0,0,0,44,4510.8,0,0,1,0,1,1,1,0,1,1,1,0,1,0,1,0
1,0,1,1,47,5317.8,0,1,1,0,1,1,1,1,1,1,1,0,1,0,0,0
1,0,1,1,53,4779.45,0,0,1,0,0,1,0,1,1,0,0,0,1,0,1,0
1,0,1,0,4,250.1,0,1,0,0,0,0,1,0,1,0,0,0,0,0,1,0
1,0,0,0,20,1745.2,0,1,1,0,0,0,0,0,1,0,0,0,1,0,1,0
1,0,0,0,2,74.9,0,0,0,0,0,0,0,0,0,0,0,0,0,0,0,1
1,0,1,0,57,4140.1,0,1,0,0,0,1,1,0,1,0,1,0,1,1,0,0
0,0,1,0,44,3670.5,0,0,1,0,1,1,0,1,0,0,0,0,1,0,1,0
1,0,0,0,24,1167.8,0,0,0,0,0,0,1,0,0,0,0,0,1,0,0,1
1,0,1,1,15,469.65,1,0,0,0,1,0,0,0,0,0,0,0,1,0,0,0
0,0,0,0,3,58.9,1,0,0,0,0,0,0,0,0,0,0,0,0,0,1,0
0,0,0,1,4,333.55,0,1,1,0,0,1,1,0,0,0,0,0,0,0,0,0
1,0,1,0,37,3171.15,0,1,1,0,0,0,0,0,1,0,0,0,1,0,1,0
0,0,0,0,1,74.7,0,0,1,0,0,1,0,0,0,0,0,0,1,0,1,0
0,0,0,0,24,1381.2,0,0,0,0,1,0,0,1,0,0,0,0,0,1,0,0
0,0,0,0,5,455.5,0,1,1,0,0,1,0,0,1,0,0,0,1,0,1,0
0,0,0,0,33,3645.5,0,1,1,0,0,1,1,0,1,1,0,0,0,0,1,0
0,0,1,1,58,1158.85,0,0,0,1,0,0,0,0,0,0,0,1,1,0,0,1
0,0,1,1,72,6954.15,0,1,1,0,1,1,0,0,1,0,0,1,1,0,0,0
0,0,1,0,71,1672.1,0,1,0,1,0,0,0,0,0,0,0,1,0,0,0,1
0,0,0,0,28,3152.5,0,1,1,0,0,1,1,0,1,1,0,0,1,0,1,0
1,0,1,0,51,4307.1,0,0,0,0,1,1,1,1,1,1,0,1,1,1,0,0
0,0,0,0,30,2530.4,0,0,0,0,1,1,1,1,1,1,1,0,0,0,0,0
1,0,1,0,72,6141.65,0,0,1,0,1,1,0,1,0,0,0,1,1,1,0,0
1,0,0,0,36,3186.7,0,1,1,0,1,0,0,0,1,0,0,0,1,0,1,0
1,0,0,1,14,1054.8,0,0,0,0,1,1,1,1,0,1,0,1,0,0,0,0
0,0,1,1,72,5430.65,0,1,0,0,1,1,0,1,1,0,0,1,0,0,0,1
0,0,1,1,22,849.9,1,0,0,0,0,1,0,0,1,0,0,0,0,0,1,0
0,0,0,0,2,151.75,0,1,1,0,0,1,0,0,0,0,0,0,0,0,1,0
0,0,0,0,15,299.4,0,0,0,1,0,0,0,0,0,0,0,0,0,0,0,1
1,0,1,1,51,1086.75,0,0,0,1,0,0,0,0,0,0,0,1,0,1,0,0
1,0,1,0,70,2692.75,1,0,0,0,1,0,1,1,0,0,0,1,1,1,0,0
0,0,1,1,71,1389.6,0,0,0,1,0,0,0,0,0,0,0,1,0,0,0,0
0,0,1,1,39,3767.4,0,1,1,0,0,0,0,1,1,1,0,0,1,1,0,0
0,0,1,1,61,3641.5,0,1,0,0,1,1,0,0,0,0,0,0,0,0,1,0
0,0,0,0,52,2535.55,0,0,0,0,1,0,0,0,0,0,0,0,1,0,0,0
0,0,0,0,1,35.75,1,0,0,0,0,0,0,0,1,0,0,0,1,0,1,0
1,0,1,0,64,6880.85,0,1,1,0,1,0,1,1,1,1,1,0,1,0,0,1
1,0,1,0,62,3753.2,0,0,0,0,0,1,1,1,0,0,0,1,1,1,0,0
1,0,1,0,30,637.55,0,0,0,1,0,0,0,0,0,0,0,1,0,0,0,1
0,0,1,1,4,181.6,0,0,0,0,0,0,0,0,0,0,0,0,0,0,1,0
1,0,1,0,63,5329.55,0,0,0,0,1,1,1,1,1,1,1,0,1,0,0,0
0,0,0,0,1,44.55,0,0,0,0,0,0,0,0,0,0,0,0,1,1,0,0
1,0,1,0,15,1539.8,0,1,1,0,0,0,1,1,1,1,0,0,1,0,1,0
1,0,1,1,27,2209.75,0,0,1,0,1,1,0,0,0,0,1,0,1,1,0,0
0,0,0,1,4,223.75,1,0,0,0,1,1,1,0,1,1,0,0,1,0,0,1
0,0,1,0,72,7751.7,0,1,1,0,1,1,1,0,1,1,0,1,1,0,1,0
1,0,1,0,45,1174.35,0,1,0,1,0,0,0,0,0,0,1,0,0,1,0,0
0,0,0,0,45,4385.05,0,1,1,0,1,1,0,1,1,0,0,0,1,0,1,0
0,0,0,0,36,2606.35,0,0,0,0,1,1,1,1,1,0,1,0,1,0,0,1
1,0,1,1,17,1539.45,0,0,1,0,1,0,1,0,1,0,0,0,1,0,1,0
1,0,0,0,1,18.9,0,0,0,1,0,0,0,0,0,0,0,0,0,0,0,1
1,0,0,0,16,1261.35,0,1,1,0,0,0,0,0,0,0,0,0,1,0,0,0
1,0,0,0,3,58.15,0,0,0,1,0,0,0,0,0,0,0,0,1,0,0,1
1,0,1,1,4,225.6,0,1,0,0,0,0,0,0,0,0,0,0,1,0,1,0
0,0,1,0,71,5969.3,0,0,0,0,1,1,1,1,1,1,0,1,1,1,0,0
1,0,1,1,10,253.9,0,1,0,1,0,0,0,0,0,0,0,0,1,0,0,1
1,0,1,1,20,400,0,0,0,1,0,0,0,0,0,0,0,1,0,0,0,1
1,0,0,0,4,340.85,0,0,1,0,0,0,0,0,1,0,0,0,1,0,1,0
1,0,0,0,26,2515.3,0,1,1,0,0,0,1,0,1,1,0,0,1,0,1,0
0,0,0,0,4,227.35,0,0,0,0,0,0,0,0,1,0,0,0,0,1,0,0
1,0,0,0,5,305.95,1,0,0,0,0,1,0,0,1,1,0,0,1,0,0,1
0,0,1,0,4,365.4,0,1,1,0,0,1,0,0,1,0,0,0,1,0,1,0
1,0,1,0,29,2357.75,0,1,1,0,0,0,0,0,0,1,0,0,1,0,1,0
1,0,0,0,2,198.5,0,0,1,0,1,1,0,0,1,1,0,0,0,0,1,0
0,0,0,0,29,554.25,0,0,0,1,0,0,0,0,0,0,0,1,0,0,0,1
1,0,0,1,1,90.85,0,0,1,0,0,0,0,0,1,1,0,0,1,0,1,0
1,0,0,0,1,69.4,0,0,1,0,0,0,0,0,0,0,0,0,0,0,0,1
0,0,0,0,8,742.95,0,0,1,0,0,0,1,0,1,1,0,0,1,1,0,0
1,0,0,0,13,251.65,0,0,0,1,0,0,0,0,0,0,0,0,1,0,1,0
0,0,1,0,59,5597.65,0,1,1,0,1,1,0,0,1,0,0,0,1,0,1,0
0,0,1,1,1,20.15,0,0,0,1,0,0,0,0,0,0,0,0,1,1,0,0
1,0,0,0,50,4816.7,0,1,1,0,0,0,0,0,1,1,0,0,1,0,1,0
1,0,1,0,18,768.05,0,0,0,0,0,0,0,0,0,0,0,0,1,0,0,0
0,0,1,1,17,1215.8,0,0,0,0,1,1,0,0,1,1,0,0,0,0,0,1
1,0,1,0,47,3522.65,0,0,0,0,0,1,1,0,1,1,0,1,0,0,1,0
0,0,0,0,26,1834.95,0,1,1,0,0,0,0,0,0,0,0,0,1,0,0,0
0,0,0,0,6,305.1,1,0,0,0,0,0,1,0,1,1,0,0,1,0,1,0
1,0,1,1,19,910.45,0,1,0,0,0,0,0,0,0,0,0,0,0,1,0,0
0,0,0,0,3,155.65,0,1,0,0,0,0,0,1,1,0,0,0,1,0,1,0
0,0,1,1,68,3656.25,1,0,0,0,0,1,1,0,1,1,0,1,1,0,1,0
0,0,1,0,2,52,0,0,0,1,0,0,0,0,0,0,0,0,0,0,0,0
1,0,0,0,7,150.85,1,0,0,0,0,0,0,0,0,0,1,0,1,1,0,0
0,0,0,0,18,389.25,0,0,0,1,0,0,0,0,0,0,0,0,1,0,0,1
0,0,1,0,71,1873.7,0,1,0,1,0,0,0,0,0,0,0,1,0,1,0,0
1,0,1,0,13,1261,0,1,1,0,1,1,0,0,0,1,0,0,0,1,0,0
1,0,0,0,3,108.7,1,0,0,0,0,1,0,1,0,0,0,0,1,0,0,1
1,0,1,0,72,7346.2,0,1,1,0,0,1,1,0,1,1,0,1,1,0,0,0
1,0,1,1,66,3708.4,1,0,0,0,0,1,1,0,1,1,0,1,1,1,0,0
1,0,1,1,24,469.65,0,0,0,1,0,0,0,0,0,0,1,0,1,1,0,0
0,0,0,0,1,44.1,0,0,0,0,0,0,0,0,0,0,0,0,1,0,1,0
0,0,1,1,56,1385.85,0,1,0,1,0,0,0,0,0,0,0,1,1,0,0,1
0,0,1,0,22,548.8,0,1,0,1,0,0,0,0,0,0,1,0,0,0,0,0
1,0,0,0,14,712.75,1,0,0,0,0,0,1,0,1,1,0,0,1,0,1,0
0,0,1,0,61,6405,0,1,1,0,0,1,1,0,1,1,1,0,1,1,0,0
0,0,1,0,40,1637.4,1,0,0,0,0,1,0,0,1,0,0,0,1,0,1,0
0,0,0,0,42,2536.55,0,0,0,0,1,1,1,0,0,0,0,0,0,0,0,0
0,0,1,1,72,6042.7,0,1,0,0,1,0,1,1,1,1,0,1,1,0,0,0
0,0,0,0,12,958.25,0,1,1,0,0,0,0,1,0,0,0,0,1,1,0,0
1,0,1,0,71,1730.65,0,1,0,1,0,0,0,0,0,0,0,1,0,0,0,0
0,0,1,0,26,459.6,0,0,0,1,0,0,0,0,0,0,1,0,0,0,0,1
0,0,0,1,7,201.95,1,0,0,0,1,0,0,0,0,0,0,0,0,0,0,1
0,0,1,1,6,285.2,0,0,0,0,0,0,0,0,0,0,0,0,0,0,0,1
0,0,0,0,58,6145.85,0,0,1,0,1,1,1,0,1,1,1,0,1,0,1,0
1,0,1,0,51,1529.45,1,0,0,0,0,1,0,0,0,0,0,0,1,1,0,0
1,0,1,1,72,4664.5,1,0,0,0,1,1,1,1,1,1,0,1,1,0,0,0
0,0,0,0,18,1740.7,0,0,1,0,1,0,0,0,1,1,0,0,1,0,1,0
0,0,0,0,7,552.95,0,1,1,0,0,0,0,0,0,0,0,0,1,0,0,0
0,0,0,0,47,3496.3,0,1,0,0,1,1,0,1,0,1,0,1,0,0,0,1
1,0,0,0,2,93.7,0,0,0,0,0,0,0,0,0,0,0,0,1,0,1,0
1,0,0,0,62,7053.35,0,1,1,0,0,1,1,1,1,1,1,0,1,0,0,0
0,0,1,1,16,301.55,0,0,0,1,0,0,0,0,0,0,0,1,0,0,0,1
